factorised,gameID
0,266357
1,6359
2,7551
3,9073
4,232
5,282445
6,267639
7,297
8,285235
9,307
10,6744
11,3267
12,9471
13,10395
14,19348
15,338
16,193776
17,247
18,256431
19,199894
20,124
21,2963
22,7598
23,1372
24,9409
25,306881
26,14788
27,20975
28,8587
29,2592
30,21273
31,14789
32,19350
33,11404
34,19351
35,14794
36,15614
37,602
38,8935
39,27841
40,2369
41,355
42,356
43,306944
44,269914
45,218185
46,313164
47,196490
48,262016
49,6634
50,3512
51,8419
52,5922
53,2608
54,9019
55,9173
56,11
57,159962
58,621
59,294571
60,624
61,587
62,15626
63,9318
64,9319
65,9320
66,9316
67,3347
68,14803
69,2668
70,8034
71,429
72,9310
73,8387
74,5042
75,10358
76,5135
77,1836
78,20509
79,28975
80,14813
81,15712
82,20546
83,9830
84,8322
85,3077
86,3961
87,122409
88,14818
89,5716
90,1015
91,1016
92,1339
93,4228
94,27820
95,868
96,3083
97,865
98,3278
99,839
100,15719
101,320
102,5840
103,5841
104,84532
105,28981
106,467
107,82071
108,6942
109,82069
110,446
111,447
112,14824
113,13213
114,9362
115,242
116,13214
117,14826
118,1335
119,148
120,184
121,153
122,152
123,138825
124,26401
125,322364
126,211
127,7518
128,726
129,15725
130,15043
131,19353
132,1961
133,895
134,2352
135,19354
136,14828
137,27861
138,20545
139,879
140,961
141,653
142,477
143,748
144,1048
145,4223
146,1042
147,1050
148,25358
149,42
150,3
151,1161
152,5991
153,292227
154,10
155,2451
156,278
157,13227
158,19358
159,7256
160,53865
161,28986
162,10743
163,840
164,27823
165,25
166,26
167,27
168,24
169,9322
170,182378
171,10591
172,135294
173,1162
174,7032
175,5634
176,1163
177,4222
178,558
179,10059
180,9456
181,9463
182,15756
183,2584
184,10380
185,737
186,633
187,538
188,720
189,721
190,866
191,465
192,1370
193,276
194,888
195,468
196,6997
197,826
198,9339
199,9376
200,15762
201,14847
202,625
203,27852
204,29112
205,249971
206,235105
207,559
208,3110
209,9823
210,441
211,560
212,15773
213,6863
214,5442
215,6786
216,27849
217,6812
218,6737
219,9931
220,15777
221,29191
222,14855
223,15779
224,14856
225,15780
226,20040
227,46
228,9477
229,10134
230,220171
231,730
232,215550
233,732
234,1971
235,19
236,239064
237,200403
238,6574
239,9420
240,11440
241,15798
242,29116
243,213052
244,164801
245,242993
246,130809
247,53821
248,911
249,182225
250,836
251,312285
252,193362
253,27827
254,1341
255,15817
256,370
257,619
258,993
259,870
260,5780
261,152333
262,5563
263,372
264,371
265,618
266,15936
267,14905
268,6286
269,3240
270,466
271,999
272,1000
273,1001
274,21070
275,4634
276,10568
277,520
278,2147
279,29118
280,7232
281,7049
282,84313
283,9506
284,27834
285,137307
286,296
287,336
288,1876
289,77348
290,248142
291,14915
292,76
293,131436
294,131931
295,959
296,29119
297,14978
298,5055
299,29123
300,14979
301,14917
302,2249
303,2250
304,2251
305,1057
306,14918
307,197893
308,4777
309,8190
310,9772
311,14920
312,485
313,9455
314,617
315,28989
316,46633
317,159110
318,4840
319,4083
320,1371
321,469
322,237200
323,27832
324,20740
325,2738
326,7246
327,27854
328,294292
329,514
330,237596
331,14929
332,884
333,54535
334,15856
335,847
336,4824
337,7468
338,430
339,316963
340,8792
341,27840
342,27833
343,8944
344,2048
345,2284
346,202170
347,564
348,24775
349,27845
350,50313
351,21892
352,16
353,505
354,15972
355,1017
356,9964
357,9962
358,9963
359,9309
360,10385
361,27828
362,27829
363,8395
364,8394
365,2594
366,8980
367,5584
368,210440
369,111023
370,576
371,1381
372,2038
373,297464
374,7586
375,161737
376,4218
377,10067
378,27891
379,321
380,759
381,707
382,264877
383,7115
384,352
385,13790
386,304909
387,180628
388,14941
389,8206
390,8385
391,51815
392,2040
393,2028
394,741
395,5039
396,25062
397,19199
398,24528
399,3976
400,2853
401,14946
402,1004
403,197086
404,8481
405,15990
406,11031
407,14948
408,14949
409,488
410,15992
411,9983
412,259129
413,9793
414,6959
415,15995
416,59874
417,16005
418,9308
419,14957
420,114760
421,189
422,267418
423,314686
424,65
425,116
426,150
427,160
428,157
429,210
430,19637
431,2682
432,138
433,66
434,93832
435,137
436,6844
437,262186
438,9349
439,9350
440,5812
441,9351
442,4203
443,357
444,29200
445,16015
446,8634
447,16016
448,11088
449,16017
450,16018
451,27857
452,264363
453,3160
454,53861
455,287
456,27860
457,1151
458,6947
459,84787
460,9824
461,14402
462,8769
463,572
464,601
465,9841
466,16030
467,16031
468,2539
469,442
470,5165
471,9377
472,27847
473,10644
474,315023
475,9800
476,174189
477,138980
478,255480
479,14972
480,2192
481,769
482,27862
483,16049
484,14974
485,1055
486,2550
487,6341
488,51800
489,38932
490,29203
491,7521
492,276145
493,7121
494,29204
495,16067
496,27846
497,15002
498,4219
499,5128
500,15004
501,13
502,14
503,17
504,8565
505,219
506,29768
507,9703
508,2351
509,5899
510,111122
511,10264
512,9326
513,489
514,127879
515,203524
516,5988
517,9269
518,386
519,8330
520,29207
521,29208
522,24277
523,1837
524,1997
525,1998
526,6258
527,9323
528,242694
529,11620
530,3234
531,21115
532,7201
533,226682
534,29210
535,5145
536,200193
537,7096
538,3802
539,7720
540,10991
541,2990
542,8621
543,13179
544,86652
545,29211
546,9932
547,325379
548,13180
549,527
550,9666
551,259358
552,1337
553,7605
554,9792
555,6256
556,26986
557,2041
558,10317
559,112859
560,15014
561,302486
562,136212
563,2009
564,30143
565,2042
566,2039
567,11037
568,50180
569,10937
570,1508
571,142197
572,15017
573,9199
574,2138
575,1374
576,736
577,15019
578,10427
579,51625
580,15023
581,219849
582,15024
583,112
584,4220
585,10166
586,496
587,1915
588,6656
589,5924
590,16146
591,9851
592,9849
593,76870
594,9858
595,10196
596,10769
597,10377
598,9777
599,2478
600,18914
601,6175
602,6176
603,13163
604,6185
605,9388
606,9443
607,14359
608,16149
609,16154
610,10139
611,15026
612,54411
613,15030
614,670
615,264868
616,9228
617,3693
618,27911
619,139346
620,264365
621,1331
622,995
623,221823
624,180263
625,2025
626,10830
627,16170
628,2010
629,16173
630,1011
631,7404
632,9842
633,15035
634,8585
635,238883
636,40
637,1377
638,16174
639,11234
640,8396
641,8388
642,1886
643,528
644,248571
645,578
646,873
647,10263
648,111
649,90478
650,206510
651,2319
652,154539
653,2595
654,260369
655,1008
656,27900
657,280987
658,15056
659,16191
660,10055
661,15058
662,13228
663,264879
664,8383
665,16195
666,215773
667,15062
668,5652
669,590
670,591
671,15063
672,1889
673,13188
674,15103
675,16196
676,7402
677,63535
678,9660
679,10783
680,238
681,16203
682,9535
683,6246
684,16204
685,7332
686,5045
687,9855
688,9859
689,1144
690,16205
691,10480
692,23397
693,16208
694,9776
695,7041
696,148227
697,1838
698,10371
699,8331
700,16210
701,15069
702,6934
703,27937
704,9775
705,3202
706,244
707,6038
708,16212
709,134258
710,8701
711,171565
712,1024
713,30146
714,1990
715,12524
716,12525
717,9333
718,15070
719,136080
720,248469
721,9335
722,9556
723,15071
724,279633
725,5147
726,6603
727,28000
728,201622
729,3760
730,472
731,16220
732,151417
733,10177
734,2012
735,43054
736,15078
737,202091
738,9981
739,15079
740,10731
741,6325
742,9043
743,9041
744,9039
745,9037
746,3176
747,9424
748,8758
749,20830
750,236690
751,6230
752,16229
753,7690
754,16230
755,27949
756,16232
757,16233
758,6282
759,15085
760,16236
761,8390
762,28720
763,278356
764,9822
765,23221
766,9826
767,24482
768,6778
769,1007
770,9696
771,3050
772,9139
773,3830
774,15120
775,16242
776,16243
777,9586
778,6342
779,19650
780,1891
781,326058
782,259532
783,147308
784,171405
785,16245
786,15126
787,6743
788,16246
789,52172
790,2139
791,3279
792,16247
793,15128
794,9265
795,15129
796,16252
797,1059
798,2355
799,15134
800,9623
801,39399
802,9287
803,15136
804,12879
805,25647
806,20832
807,9211
808,271972
809,15140
810,28723
811,1879
812,249141
813,140013
814,1983
815,2989
816,16259
817,243443
818,1881
819,47740
820,15143
821,154472
822,28724
823,141977
824,3189
825,665
826,185246
827,28722
828,15144
829,1908
830,10435
831,109
832,9025
833,23274
834,20086
835,7407
836,8739
837,2132
838,1014
839,15150
840,5637
841,116077
842,7668
843,305
844,9360
845,2988
846,12597
847,9548
848,2448
849,10365
850,16272
851,15152
852,9334
853,16273
854,8188
855,16274
856,21704
857,2018
858,1054
859,304491
860,1318
861,8850
862,16276
863,8214
864,134650
865,16279
866,18293
867,10870
868,10819
869,9959
870,3778
871,10755
872,8372
873,2031
874,221824
875,2916
876,154946
877,541
878,15160
879,16285
880,9279
881,15161
882,2602
883,1122
884,530
885,1159
886,11460
887,7843
888,5049
889,12526
890,15163
891,2072
892,9474
893,5311
894,6913
895,2918
896,7146
897,10812
898,694
899,2991
900,960
901,3150
902,15273
903,298808
904,97140
905,1281
906,787
907,3153
908,16330
909,10572
910,81504
911,282719
912,15276
913,52863
914,10546
915,9924
916,25415
917,15279
918,8762
919,15280
920,15387
921,15281
922,533
923,152197
924,5618
925,9844
926,7134
927,6164
928,6281
929,6168
930,10467
931,7542
932,97575
933,22716
934,3079
935,21004
936,6774
937,3242
938,1012
939,15284
940,5893
941,1981
942,230284
943,5629
944,1365
945,9934
946,9288
947,9965
948,15286
949,9527
950,6328
951,16343
952,11664
953,16346
954,15455
955,10949
956,9290
957,9291
958,10967
959,1364
960,8951
961,288944
962,16347
963,9699
964,3040
965,6611
966,15289
967,7401
968,7022
969,15290
970,9634
971,6968
972,8752
973,1373
974,6330
975,118
976,10524
977,26041
978,6918
979,5489
980,9016
981,83899
982,16356
983,3076
984,977
985,1239
986,2033
987,10922
988,16357
989,1625
990,10037
991,8958
992,9465
993,16359
994,8286
995,99788
996,10428
997,9839
998,10753
999,15296
1000,287832
1001,21683
1002,14405
1003,63134
1004,2108
1005,9864
1006,102113
1007,5601
1008,16367
1009,7234
1010,16368
1011,10988
1012,15300
1013,28035
1014,8961
1015,2354
1016,11084
1017,90561
1018,15302
1019,9227
1020,1
1021,3864
1022,8442
1023,3019
1024,15303
1025,7217
1026,41521
1027,9384
1028,276280
1029,3210
1030,15304
1031,23525
1032,3092
1033,3075
1034,10657
1035,7673
1036,9945
1037,14980
1038,6836
1039,192192
1040,90631
1041,1262
1042,2188
1043,28220
1044,29769
1045,671
1046,194323
1047,5062
1048,15310
1049,264825
1050,197779
1051,15312
1052,10280
1053,10296
1054,10080
1055,545
1056,9013
1057,7594
1058,19121
1059,8738
1060,16387
1061,1789
1062,3831
1063,29770
1064,6277
1065,9280
1066,5408
1067,28008
1068,3066
1069,10767
1070,2638
1071,15316
1072,3090
1073,141627
1074,9840
1075,259178
1076,159396
1077,10466
1078,16396
1079,11619
1080,10357
1081,9804
1082,6967
1083,95504
1084,16400
1085,516
1086,2381
1087,159300
1088,27551
1089,8820
1090,9977
1091,16402
1092,10188
1093,30150
1094,5592
1095,22645
1096,1265
1097,90630
1098,16408
1099,2058
1100,5778
1101,9289
1102,2943
1103,225890
1104,84923
1105,1384
1106,14327
1107,9704
1108,2358
1109,2163
1110,9781
1111,78459
1112,7209
1113,2064
1114,6701
1115,39488
1116,1907
1117,9048
1118,20748
1119,3102
1120,529
1121,53052
1122,1254
1123,7880
1124,10889
1125,30151
1126,2291
1127,9051
1128,260722
1129,15393
1130,303288
1131,1082
1132,2117
1133,15395
1134,1363
1135,2950
1136,10184
1137,3251
1138,30155
1139,151563
1140,7661
1141,3035
1142,10728
1143,23799
1144,22952
1145,150045
1146,9938
1147,5523
1148,2978
1149,14128
1150,22679
1151,5448
1152,4638
1153,3098
1154,28232
1155,16433
1156,10550
1157,242079
1158,3109
1159,15404
1160,11062
1161,3084
1162,10327
1163,3769
1164,21032
1165,8508
1166,4846
1167,15407
1168,5901
1169,202470
1170,4788
1171,9627
1172,139312
1173,9764
1174,63291
1175,9906
1176,9774
1177,165940
1178,4122
1179,7893
1180,912
1181,1158
1182,1160
1183,1334
1184,30156
1185,212
1186,16447
1187,1156
1188,1157
1189,2
1190,52733
1191,8187
1192,8408
1193,28234
1194,80332
1195,10602
1196,9200
1197,7499
1198,7866
1199,8998
1200,1916
1201,15414
1202,10345
1203,10459
1204,7635
1205,54099
1206,7388
1207,7637
1208,15415
1209,14722
1210,5446
1211,52973
1212,14529
1213,9018
1214,9705
1215,242816
1216,2936
1217,16457
1218,15418
1219,227524
1220,82434
1221,7435
1222,654
1223,10298
1224,1880
1225,36495
1226,9718
1227,26179
1228,3772
1229,6900
1230,508
1231,9023
1232,21567
1233,9827
1234,212765
1235,15421
1236,14396
1237,16464
1238,3004
1239,4641
1240,16467
1241,1878
1242,8750
1243,11813
1244,1900
1245,325577
1246,10519
1247,130905
1248,3230
1249,129400
1250,16317
1251,7087
1252,4214
1253,5892
1254,5614
1255,15544
1256,6961
1257,1369
1258,9982
1259,2934
1260,6653
1261,7719
1262,6748
1263,1906
1264,1830
1265,3087
1266,10929
1267,9448
1268,187432
1269,10990
1270,10178
1271,2947
1272,5628
1273,80480
1274,3828
1275,10479
1276,2001
1277,3188
1278,10036
1279,6179
1280,50879
1281,1338
1282,2029
1283,16491
1284,16493
1285,9609
1286,127355
1287,6859
1288,7082
1289,30225
1290,3018
1291,21713
1292,2552
1293,9329
1294,8141
1295,19297
1296,7490
1297,7084
1298,7884
1299,10802
1300,143182
1301,3020
1302,21709
1303,11092
1304,16504
1305,10985
1306,10130
1307,5333
1308,5598
1309,9538
1310,15037
1311,16507
1312,10243
1313,378
1314,93851
1315,9181
1316,1305
1317,61392
1318,10268
1319,9811
1320,9707
1321,8715
1322,30228
1323,8985
1324,2130
1325,112874
1326,8818
1327,5031
1328,136649
1329,2368
1330,16515
1331,25074
1332,2937
1333,6059
1334,9212
1335,90548
1336,1904
1337,8511
1338,115692
1339,16521
1340,16523
1341,7206
1342,8767
1343,14981
1344,2904
1345,7960
1346,16526
1347,1962
1348,5573
1349,8764
1350,3022
1351,16528
1352,26940
1353,9740
1354,30244
1355,8366
1356,22
1357,16533
1358,196847
1359,1910
1360,9807
1361,6404
1362,2605
1363,20997
1364,9088
1365,5641
1366,2804
1367,9328
1368,9221
1369,16537
1370,125642
1371,2935
1372,245805
1373,107293
1374,301387
1375,3042
1376,1882
1377,1182
1378,19961
1379,16542
1380,23229
1381,167059
1382,2599
1383,16544
1384,9014
1385,7450
1386,30245
1387,72373
1388,20046
1389,16550
1390,8423
1391,9802
1392,5541
1393,7964
1394,19136
1395,150162
1396,3221
1397,202718
1398,10382
1399,18722
1400,5064
1401,167003
1402,11241
1403,16557
1404,256304
1405,168865
1406,6072
1407,176720
1408,23354
1409,16558
1410,99425
1411,8426
1412,9497
1413,16560
1414,8036
1415,8478
1416,280029
1417,1982
1418,7711
1419,15549
1420,7168
1421,15854
1422,10712
1423,25393
1424,9435
1425,136697
1426,25491
1427,8472
1428,7208
1429,2905
1430,6044
1431,16572
1432,16573
1433,9021
1434,9022
1435,8773
1436,156162
1437,16574
1438,23294
1439,5572
1440,16576
1441,2625
1442,232523
1443,4759
1444,8651
1445,9552
1446,160072
1447,3239
1448,210289
1449,11634
1450,60331
1451,114832
1452,10887
1453,9425
1454,24192
1455,1510
1456,8923
1457,7578
1458,10496
1459,939
1460,5506
1461,3191
1462,155379
1463,8438
1464,5632
1465,15861
1466,296924
1467,9438
1468,7601
1469,8276
1470,9464
1471,30246
1472,10388
1473,167765
1474,16627
1475,10522
1476,53080
1477,2938
1478,149066
1479,11238
1480,212583
1481,14408
1482,304741
1483,8959
1484,1049
1485,9245
1486,9490
1487,9220
1488,5615
1489,16633
1490,7116
1491,16636
1492,16637
1493,14554
1494,16640
1495,16641
1496,16642
1497,9383
1498,1875
1499,59078
1500,16644
1501,5032
1502,16647
1503,28512
1504,8756
1505,109970
1506,2050
1507,7676
1508,6142
1509,16648
1510,16649
1511,16650
1512,16651
1513,7641
1514,5522
1515,8006
1516,5033
1517,5626
1518,6580
1519,115456
1520,141517
1521,24415
1522,127111
1523,7591
1524,13153
1525,58795
1526,30232
1527,9784
1528,13100
1529,16657
1530,133389
1531,21864
1532,53290
1533,114411
1534,10116
1535,16661
1536,3231
1537,8879
1538,26848
1539,309607
1540,16664
1541,16310
1542,9046
1543,8986
1544,10136
1545,172032
1546,16982
1547,178111
1548,16665
1549,16666
1550,7590
1551,150592
1552,29065
1553,26171
1554,9567
1555,16669
1556,8760
1557,5574
1558,6777
1559,9027
1560,16672
1561,8456
1562,3599
1563,6581
1564,10541
1565,16675
1566,9337
1567,9026
1568,20487
1569,9722
1570,51861
1571,6134
1572,10105
1573,16677
1574,12520
1575,15924
1576,8759
1577,5617
1578,271982
1579,9296
1580,16680
1581,9029
1582,265723
1583,5968
1584,59133
1585,218691
1586,30233
1587,13660
1588,16682
1589,299432
1590,22438
1591,10746
1592,10182
1593,21634
1594,8070
1595,3026
1596,30234
1597,30235
1598,30236
1599,8992
1600,10082
1601,16687
1602,16688
1603,9421
1604,11198
1605,16689
1606,7876
1607,11270
1608,178445
1609,6705
1610,5447
1611,16692
1612,8138
1613,16693
1614,26875
1615,7196
1616,9794
1617,16695
1618,10359
1619,5596
1620,7649
1621,23636
1622,200996
1623,16700
1624,18830
1625,11078
1626,200884
1627,30238
1628,10490
1629,30239
1630,1345
1631,16705
1632,9363
1633,10332
1634,294557
1635,119961
1636,9912
1637,4756
1638,16731
1639,20044
1640,10408
1641,27706
1642,13661
1643,16778
1644,10341
1645,62508
1646,20950
1647,6032
1648,16808
1649,10278
1650,10413
1651,7443
1652,16810
1653,16812
1654,7859
1655,124890
1656,30371
1657,9433
1658,16815
1659,16816
1660,24337
1661,30372
1662,285580
1663,16820
1664,7555
1665,16822
1666,16823
1667,8599
1668,139021
1669,10518
1670,12514
1671,16829
1672,16830
1673,74860
1674,253323
1675,10973
1676,10836
1677,94068
1678,35761
1679,16833
1680,6781
1681,20920
1682,16836
1683,16837
1684,30257
1685,16839
1686,7347
1687,6441
1688,16840
1689,8725
1690,11432
1691,8205
1692,9390
1693,13362
1694,16841
1695,3776
1696,16842
1697,9205
1698,8822
1699,30256
1700,9268
1701,27419
1702,10329
1703,16845
1704,3237
1705,8869
1706,8642
1707,86124
1708,9878
1709,37689
1710,10339
1711,8830
1712,16850
1713,16851
1714,8360
1715,16852
1716,235940
1717,8357
1718,16854
1719,6654
1720,16855
1721,30253
1722,30252
1723,5540
1724,16862
1725,8250
1726,144677
1727,143025
1728,8486
1729,14578
1730,8861
1731,30251
1732,5564
1733,800
1734,7552
1735,8950
1736,16477
1737,21611
1738,6170
1739,16867
1740,8584
1741,16868
1742,8116
1743,8249
1744,16870
1745,16872
1746,16873
1747,16874
1748,9603
1749,5335
1750,5639
1751,15892
1752,174779
1753,5577
1754,69429
1755,16879
1756,16880
1757,11368
1758,63868
1759,16881
1760,16882
1761,13099
1762,16883
1763,218130
1764,53186
1765,59978
1766,10279
1767,30249
1768,30248
1769,8204
1770,30373
1771,12366
1772,18645
1773,9902
1774,10376
1775,16895
1776,16896
1777,21066
1778,4845
1779,16899
1780,16900
1781,5857
1782,5858
1783,16902
1784,10423
1785,752
1786,4786
1787,10160
1788,9773
1789,282763
1790,9719
1791,10511
1792,306267
1793,16903
1794,22637
1795,8746
1796,86268
1797,30377
1798,201902
1799,16905
1800,7883
1801,58243
1802,10655
1803,11577
1804,10542
1805,237497
1806,20582
1807,182039
1808,3031
1809,21893
1810,20078
1811,10630
1812,25185
1813,28526
1814,254977
1815,16910
1816,36431
1817,284242
1818,16914
1819,10087
1820,16915
1821,16916
1822,8379
1823,9797
1824,16923
1825,16925
1826,20042
1827,11735
1828,16926
1829,106027
1830,8436
1831,11712
1832,16928
1833,16929
1834,162778
1835,16931
1836,223547
1837,9770
1838,9175
1839,36432
1840,11584
1841,10238
1842,16316
1843,16933
1844,16935
1845,125051
1846,12877
1847,16938
1848,9201
1849,16940
1850,16942
1851,11407
1852,11408
1853,15495
1854,7571
1855,9667
1856,20025
1857,36429
1858,10637
1859,16947
1860,53856
1861,16948
1862,9697
1863,9470
1864,8952
1865,18686
1866,22555
1867,90564
1868,14565
1869,10932
1870,11060
1871,36387
1872,58887
1873,13102
1874,14528
1875,2004
1876,16953
1877,6074
1878,8479
1879,218746
1880,36390
1881,16956
1882,9837
1883,10727
1884,11050
1885,171203
1886,9605
1887,667
1888,669
1889,722
1890,10248
1891,36392
1892,16963
1893,16964
1894,10552
1895,16966
1896,17031
1897,8721
1898,2126
1899,5973
1900,19006
1901,7768
1902,146301
1903,7543
1904,20122
1905,11488
1906,8753
1907,154206
1908,139157
1909,17033
1910,10472
1911,17035
1912,11305
1913,17037
1914,7716
1915,10714
1916,51910
1917,5638
1918,8904
1919,17038
1920,8862
1921,1767
1922,7875
1923,3276
1924,320489
1925,7045
1926,202768
1927,3225
1928,17046
1929,8209
1930,17051
1931,8867
1932,17058
1933,19607
1934,4839
1935,9059
1936,9058
1937,259672
1938,10040
1939,10313
1940,9961
1941,17061
1942,3775
1943,10653
1944,3080
1945,19479
1946,17064
1947,36402
1948,17066
1949,21712
1950,17069
1951,7211
1952,9583
1953,9423
1954,9933
1955,17077
1956,10993
1957,10984
1958,17080
1959,17082
1960,115300
1961,17084
1962,36407
1963,17085
1964,36408
1965,10768
1966,25774
1967,9939
1968,10719
1969,8798
1970,17092
1971,239183
1972,17095
1973,17096
1974,17097
1975,9112
1976,17098
1977,39706
1978,8178
1979,18853
1980,11733
1981,9809
1982,11442
1983,7255
1984,17105
1985,17106
1986,17107
1987,17108
1988,17109
1989,17111
1990,17112
1991,17113
1992,36411
1993,36412
1994,4656
1995,2606
1996,233695
1997,36413
1998,17120
1999,17121
2000,11405
2001,15444
2002,8288
2003,17123
2004,8115
2005,189851
2006,26512
2007,11647
2008,11582
2009,93899
2010,951
2011,14297
2012,76239
2013,9233
2014,9727
2015,8714
2016,90586
2017,6578
2018,9715
2019,7627
2020,19170
2021,176234
2022,89634
2023,11426
2024,36420
2025,36421
2026,8902
2027,9467
2028,36437
2029,36438
2030,36439
2031,25587
2032,18642
2033,20097
2034,8960
2035,9281
2036,9820
2037,10281
2038,10537
2039,10434
2040,6055
2041,10516
2042,52506
2043,17999
2044,18000
2045,7709
2046,90584
2047,8356
2048,10983
2049,36441
2050,3733
2051,3743
2052,3730
2053,5204
2054,8072
2055,17130
2056,17131
2057,17132
2058,326289
2059,12976
2060,36443
2061,7864
2062,17136
2063,10137
2064,17137
2065,17138
2066,17139
2067,17140
2068,17141
2069,17142
2070,17143
2071,17144
2072,10837
2073,10702
2074,17145
2075,17146
2076,17147
2077,10779
2078,10355
2079,10041
2080,18980
2081,36444
2082,36366
2083,300557
2084,8763
2085,36368
2086,36458
2087,11421
2088,8999
2089,14550
2090,17157
2091,11177
2092,14314
2093,14296
2094,12519
2095,17159
2096,96197
2097,17160
2098,183752
2099,161278
2100,17162
2101,4512
2102,17163
2103,10528
2104,9468
2105,8962
2106,17164
2107,36370
2108,17165
2109,11351
2110,10049
2111,36373
2112,9272
2113,17169
2114,80853
2115,6043
2116,17170
2117,17171
2118,17174
2119,50207
2120,168438
2121,10077
2122,10443
2123,17177
2124,265563
2125,17179
2126,7725
2127,50199
2128,22344
2129,17185
2130,68671
2131,78547
2132,1985
2133,17186
2134,12876
2135,9171
2136,36376
2137,17188
2138,17189
2139,7767
2140,17191
2141,13230
2142,9369
2143,17192
2144,36378
2145,176336
2146,234907
2147,17195
2148,7658
2149,27346
2150,25295
2151,19385
2152,19130
2153,8378
2154,166330
2155,18960
2156,27467
2157,36383
2158,9828
2159,60321
2160,10335
2161,7702
2162,36385
2163,8964
2164,36386
2165,9853
2166,8073
2167,18488
2168,310937
2169,5606
2170,7325
2171,36342
2172,9091
2173,9092
2174,9093
2175,255455
2176,36346
2177,10106
2178,36348
2179,27141
2180,36349
2181,6070
2182,24611
2183,13544
2184,36350
2185,11719
2186,11260
2187,13673
2188,19968
2189,26102
2190,14465
2191,36351
2192,141852
2193,8232
2194,19955
2195,6761
2196,9843
2197,36356
2198,36357
2199,8376
2200,10784
2201,36360
2202,36361
2203,61494
2204,36364
2205,19853
2206,171333
2207,1912
2208,10233
2209,17204
2210,1593
2211,11621
2212,17207
2213,17208
2214,17209
2215,17210
2216,141472
2217,36336
2218,389
2219,384
2220,8928
2221,17214
2222,14904
2223,17217
2224,9009
2225,844
2226,295506
2227,4184
2228,17218
2229,10255
2230,8425
2231,9008
2232,9733
2233,18968
2234,281725
2235,3732
2236,17224
2237,11261
2238,150677
2239,64446
2240,17228
2241,17229
2242,17230
2243,17231
2244,36321
2245,54675
2246,8596
2247,17234
2248,65467
2249,17236
2250,184935
2251,2998
2252,196163
2253,17238
2254,8510
2255,17239
2256,295634
2257,9816
2258,17284
2259,8428
2260,17285
2261,10481
2262,14380
2263,17288
2264,17289
2265,7171
2266,9789
2267,9698
2268,17291
2269,8957
2270,10070
2271,8697
2272,17295
2273,3744
2274,3745
2275,17297
2276,3736
2277,3737
2278,8993
2279,6920
2280,17300
2281,75848
2282,320715
2283,10815
2284,10786
2285,17301
2286,17302
2287,20874
2288,17304
2289,17306
2290,11309
2291,17307
2292,7618
2293,17309
2294,17312
2295,81419
2296,17313
2297,9779
2298,19049
2299,17317
2300,78648
2301,17320
2302,15916
2303,17321
2304,17323
2305,9191
2306,17326
2307,113431
2308,17328
2309,9415
2310,17329
2311,8702
2312,17331
2313,315908
2314,12510
2315,20052
2316,52335
2317,10334
2318,108616
2319,14400
2320,10402
2321,9559
2322,9170
2323,3373
2324,17337
2325,17338
2326,14437
2327,17339
2328,36295
2329,17342
2330,15462
2331,11490
2332,17346
2333,17347
2334,2150
2335,22248
2336,918
2337,67
2338,17350
2339,17351
2340,17354
2341,17355
2342,17357
2343,17358
2344,10489
2345,9395
2346,17359
2347,17360
2348,14326
2349,36297
2350,138193
2351,10165
2352,10164
2353,36299
2354,93645
2355,24179
2356,17367
2357,10288
2358,9801
2359,173361
2360,8437
2361,36300
2362,17372
2363,15325
2364,17374
2365,10439
2366,17375
2367,17377
2368,11435
2369,10089
2370,17378
2371,17379
2372,17380
2373,7350
2374,8654
2375,12300
2376,8348
2377,27501
2378,8953
2379,17385
2380,17386
2381,11602
2382,17388
2383,9273
2384,8864
2385,9649
2386,103069
2387,8409
2388,167296
2389,5240
2390,17394
2391,88666
2392,17396
2393,36307
2394,9846
2395,9845
2396,10390
2397,36308
2398,315485
2399,17400
2400,17402
2401,7871
2402,9011
2403,20871
2404,20076
2405,10097
2406,10603
2407,36311
2408,44122
2409,182813
2410,7708
2411,8816
2412,9783
2413,10290
2414,75103
2415,289353
2416,9796
2417,17415
2418,17419
2419,13219
2420,17428
2421,3812
2422,17430
2423,7730
2424,100182
2425,237094
2426,14567
2427,17436
2428,17438
2429,17441
2430,13212
2431,17443
2432,21061
2433,36278
2434,8429
2435,15852
2436,10803
2437,17444
2438,14681
2439,317346
2440,51467
2441,15471
2442,15472
2443,10295
2444,8765
2445,10707
2446,174948
2447,6451
2448,9728
2449,17488
2450,8254
2451,17490
2452,17491
2453,198270
2454,11061
2455,139295
2456,17492
2457,5130
2458,169936
2459,17494
2460,8925
2461,8374
2462,9447
2463,17497
2464,7878
2465,36279
2466,17501
2467,17502
2468,7439
2469,17508
2470,325596
2471,17510
2472,25576
2473,146761
2474,17516
2475,9978
2476,17519
2477,35700
2478,982
2479,17520
2480,11838
2481,1081
2482,17521
2483,7148
2484,10120
2485,17523
2486,71393
2487,10801
2488,17527
2489,17528
2490,8424
2491,9901
2492,10513
2493,17529
2494,8983
2495,17532
2496,17533
2497,17534
2498,17535
2499,27085
2500,17536
2501,17537
2502,62592
2503,9879
2504,13159
2505,268491
2506,10604
2507,8819
2508,13232
2509,14381
2510,179279
2511,116014
2512,20228
2513,9293
2514,241492
2515,17548
2516,36287
2517,17995
2518,36288
2519,135454
2520,17555
2521,17556
2522,11524
2523,17557
2524,11646
2525,17563
2526,10643
2527,28014
2528,10126
2529,9373
2530,8874
2531,17566
2532,33967
2533,36291
2534,11814
2535,17569
2536,7699
2537,9928
2538,14687
2539,17571
2540,17573
2541,10642
2542,36293
2543,8258
2544,132672
2545,10789
2546,17578
2547,17579
2548,17580
2549,10933
2550,11549
2551,7677
2552,13165
2553,17583
2554,16969
2555,5328
2556,9808
2557,7570
2558,11182
2559,14686
2560,82548
2561,542
2562,17589
2563,88405
2564,9306
2565,10167
2566,17592
2567,17593
2568,17596
2569,17598
2570,313020
2571,17599
2572,17601
2573,17604
2574,17605
2575,17607
2576,319612
2577,17609
2578,17613
2579,219793
2580,14761
2581,11247
2582,15454
2583,6296
2584,17616
2585,18840
2586,10646
2587,136677
2588,97044
2589,18366
2590,36832
2591,18191
2592,283313
2593,10158
2594,17620
2595,25009
2596,17622
2597,17623
2598,17624
2599,18173
2600,9786
2601,10094
2602,17625
2603,17626
2604,10995
2605,8751
2606,8757
2607,10048
2608,9499
2609,17629
2610,22447
2611,9883
2612,28293
2613,23439
2614,36259
2615,36260
2616,17634
2617,17635
2618,11221
2619,17636
2620,7685
2621,17639
2622,204868
2623,24856
2624,19962
2625,17642
2626,17644
2627,15692
2628,17646
2629,9768
2630,9143
2631,17648
2632,23805
2633,82475
2634,6963
2635,9782
2636,17653
2637,9946
2638,17654
2639,17655
2640,17656
2641,13176
2642,36262
2643,36263
2644,12513
2645,17663
2646,36265
2647,170762
2648,11451
2649,5552
2650,134853
2651,261496
2652,8783
2653,8335
2654,36268
2655,36269
2656,17676
2657,10054
2658,11342
2659,10834
2660,17681
2661,36270
2662,17683
2663,17686
2664,10974
2665,279274
2666,11020
2667,36271
2668,6979
2669,17691
2670,17692
2671,20968
2672,17693
2673,9880
2674,17696
2675,17699
2676,1152
2677,9213
2678,36250
2679,168302
2680,7819
2681,11569
2682,14678
2683,11413
2684,8682
2685,17713
2686,17714
2687,4335
2688,24603
2689,8650
2690,9917
2691,11356
2692,324503
2693,297205
2694,18719
2695,17723
2696,17725
2697,17726
2698,17727
2699,17728
2700,53644
2701,15548
2702,11447
2703,8439
2704,17738
2705,52552
2706,17739
2707,17740
2708,175862
2709,17741
2710,15575
2711,17742
2712,17744
2713,17745
2714,9874
2715,9284
2716,119760
2717,9732
2718,17750
2719,17752
2720,17754
2721,15197
2722,13222
2723,8506
2724,248561
2725,36229
2726,36230
2727,8865
2728,17762
2729,17763
2730,17764
2731,69231
2732,35397
2733,18336
2734,11417
2735,223088
2736,17769
2737,8871
2738,93914
2739,14415
2740,36231
2741,17771
2742,17772
2743,10063
2744,8255
2745,171613
2746,144939
2747,11587
2748,26822
2749,222792
2750,152591
2751,660
2752,11369
2753,17781
2754,8638
2755,17784
2756,10100
2757,36234
2758,17787
2759,17790
2760,17791
2761,10240
2762,8801
2763,10647
2764,17795
2765,36235
2766,9367
2767,228345
2768,17800
2769,17804
2770,9563
2771,36237
2772,313321
2773,36240
2774,7874
2775,17817
2776,17819
2777,8990
2778,17823
2779,7615
2780,17828
2781,11642
2782,298315
2783,13187
2784,9614
2785,17831
2786,17832
2787,71957
2788,7205
2789,13669
2790,13220
2791,17835
2792,18694
2793,17836
2794,17837
2795,17838
2796,11450
2797,9194
2798,15903
2799,23248
2800,19150
2801,8774
2802,17847
2803,304149
2804,5646
2805,7408
2806,17850
2807,14147
2808,17852
2809,17853
2810,10175
2811,17856
2812,17012
2813,295695
2814,10776
2815,36247
2816,17859
2817,14711
2818,34052
2819,17860
2820,17861
2821,17863
2822,19882
2823,17868
2824,14365
2825,36205
2826,7849
2827,9481
2828,19932
2829,14551
2830,224929
2831,73881
2832,10553
2833,11064
2834,17875
2835,211628
2836,17876
2837,17877
2838,151789
2839,12561
2840,10229
2841,82026
2842,242803
2843,17890
2844,24837
2845,17896
2846,17897
2847,3187
2848,17898
2849,17899
2850,36210
2851,17902
2852,293356
2853,196874
2854,17907
2855,8480
2856,10438
2857,17911
2858,9257
2859,10566
2860,19696
2861,16608
2862,23282
2863,181805
2864,36215
2865,11367
2866,106310
2867,8780
2868,8787
2869,8794
2870,17921
2871,182832
2872,18434
2873,17927
2874,11349
2875,6217
2876,171556
2877,26922
2878,7868
2879,165838
2880,9218
2881,9075
2882,36220
2883,36221
2884,47125
2885,17935
2886,8341
2887,36224
2888,25646
2889,10338
2890,17941
2891,25549
2892,17952
2893,20022
2894,9598
2895,9531
2896,11691
2897,17957
2898,9769
2899,20464
2900,17959
2901,7710
2902,21902
2903,13167
2904,11324
2905,17962
2906,26288
2907,14766
2908,17965
2909,17966
2910,17968
2911,17971
2912,9374
2913,36199
2914,9017
2915,21657
2916,17976
2917,17978
2918,12978
2919,17981
2920,17982
2921,36202
2922,17986
2923,84927
2924,6707
2925,17987
2926,17988
2927,3849
2928,24583
2929,36193
2930,11223
2931,36170
2932,36171
2933,36172
2934,24557
2935,8968
2936,20454
2937,11585
2938,36174
2939,6804
2940,1884
2941,11529
2942,11176
2943,36186
2944,5261
2945,10168
2946,11560
2947,36188
2948,11086
2949,10494
2950,36191
2951,8652
2952,9484
2953,10910
2954,121220
2955,10364
2956,252022
2957,36181
2958,36182
2959,43163
2960,23319
2961,36143
2962,20353
2963,36144
2964,14291
2965,26241
2966,36146
2967,36148
2968,36149
2969,305746
2970,61859
2971,10437
2972,36155
2973,33094
2974,19244
2975,36157
2976,36159
2977,22612
2978,13215
2979,36163
2980,26653
2981,24054
2982,54188
2983,36119
2984,8755
2985,1902
2986,9115
2987,9941
2988,7268
2989,36121
2990,69833
2991,22673
2992,11093
2993,24559
2994,18009
2995,9658
2996,28351
2997,36127
2998,96558
2999,36131
3000,36132
3001,36136
3002,13360
3003,27367
3004,9035
3005,274046
3006,36141
3007,24563
3008,23440
3009,14048
3010,9628
3011,8222
3012,22511
3013,47044
3014,9904
3015,74163
3016,36103
3017,8492
3018,22561
3019,36107
3020,10186
3021,10367
3022,22097
3023,36111
3024,36115
3025,36116
3026,36117
3027,36069
3028,16478
3029,27867
3030,36070
3031,11225
3032,28325
3033,10057
3034,36078
3035,36084
3036,77535
3037,9498
3038,51755
3039,170412
3040,36096
3041,10645
3042,41952
3043,100983
3044,36044
3045,12072
3046,19397
3047,36046
3048,14298
3049,20104
3050,36048
3051,36049
3052,36051
3053,36054
3054,8802
3055,28579
3056,28580
3057,36055
3058,65503
3059,24626
3060,25470
3061,9877
3062,28584
3063,28582
3064,28583
3065,53932
3066,9193
3067,36058
3068,13144
3069,10699
3070,9919
3071,28577
3072,28578
3073,9457
3074,22150
3075,9330
3076,36020
3077,36021
3078,248552
3079,14399
3080,10558
3081,27247
3082,11398
3083,18975
3084,53500
3085,62849
3086,5570
3087,156567
3088,15108
3089,13093
3090,36026
3091,36027
3092,36028
3093,36030
3094,36034
3095,34940
3096,23627
3097,80135
3098,36037
3099,9493
3100,9655
3101,36042
3102,15857
3103,35994
3104,112065
3105,213797
3106,293251
3107,7399
3108,191480
3109,27265
3110,36000
3111,36002
3112,36003
3113,36004
3114,36006
3115,36007
3116,36008
3117,252544
3118,17011
3119,9677
3120,35970
3121,27582
3122,35976
3123,19873
3124,35978
3125,35979
3126,163185
3127,35981
3128,13172
3129,19391
3130,26015
3131,35989
3132,35990
3133,18444
3134,180125
3135,19377
3136,35946
3137,26662
3138,90608
3139,20191
3140,35957
3141,35958
3142,24919
3143,13226
3144,24601
3145,9244
3146,7857
3147,35965
3148,11348
3149,35966
3150,250628
3151,19060
3152,11443
3153,290939
3154,9307
3155,19934
3156,10441
3157,197621
3158,17010
3159,176573
3160,18793
3161,35934
3162,193922
3163,35932
3164,35931
3165,35930
3166,35929
3167,27405
3168,26836
3169,35921
3170,15737
3171,26208
3172,18001
3173,197672
3174,35922
3175,35897
3176,9825
3177,23486
3178,35900
3179,18179
3180,35902
3181,35904
3182,35905
3183,7965
3184,19024
3185,35908
3186,35915
3187,8259
3188,99792
3189,35918
3190,35920
3191,10701
3192,25058
3193,35880
3194,35881
3195,20888
3196,53564
3197,15741
3198,20957
3199,35882
3200,13365
3201,9599
3202,35883
3203,35885
3204,35871
3205,35872
3206,35873
3207,24396
3208,35874
3209,35887
3210,18794
3211,35890
3212,313635
3213,35891
3214,35892
3215,15198
3216,9180
3217,9081
3218,26839
3219,53812
3220,82055
3221,81383
3222,2449
3223,7528
3224,35848
3225,35849
3226,35850
3227,35851
3228,11456
3229,35853
3230,162272
3231,22212
3232,10432
3233,8430
3234,27738
3235,9047
3236,35859
3237,10239
3238,35862
3239,35864
3240,35866
3241,35868
3242,24610
3243,35823
3244,51520
3245,14412
3246,35830
3247,238861
3248,124039
3249,14677
3250,35838
3251,146022
3252,35839
3253,9591
3254,35842
3255,35843
3256,20350
3257,35844
3258,24232
3259,14146
3260,35799
3261,6732
3262,27925
3263,9178
3264,35805
3265,35808
3266,35810
3267,77339
3268,35811
3269,26586
3270,35813
3271,17998
3272,20037
3273,9893
3274,35819
3275,26897
3276,35774
3277,35776
3278,35777
3279,35778
3280,168996
3281,255486
3282,26510
3283,35780
3284,12279
3285,35781
3286,25443
3287,22215
3288,9146
3289,35784
3290,35787
3291,21591
3292,35788
3293,24613
3294,35792
3295,35795
3296,35747
3297,11059
3298,35752
3299,27707
3300,22443
3301,35758
3302,35759
3303,35762
3304,20019
3305,9555
3306,205270
3307,35726
3308,18076
3309,9192
3310,35728
3311,12816
3312,25514
3313,19927
3314,10326
3315,35733
3316,26575
3317,11563
3318,15909
3319,35739
3320,47095
3321,35740
3322,20151
3323,16313
3324,256917
3325,35745
3326,20403
3327,35699
3328,35703
3329,35705
3330,156817
3331,301696
3332,35712
3333,110714
3334,35713
3335,132337
3336,35715
3337,250449
3338,9868
3339,18356
3340,35719
3341,35720
3342,11381
3343,200207
3344,12080
3345,19291
3346,24539
3347,6452
3348,18922
3349,35698
3350,11246
3351,35677
3352,7636
3353,9106
3354,9918
3355,35681
3356,11596
3357,11444
3358,18425
3359,35683
3360,9943
3361,35688
3362,147830
3363,16291
3364,35690
3365,35691
3366,108464
3367,17029
3368,6810
3369,9869
3370,35697
3371,60443
3372,19942
3373,27266
3374,146557
3375,24520
3376,12638
3377,14740
3378,265913
3379,22092
3380,35662
3381,9327
3382,16133
3383,8223
3384,22444
3385,35967
3386,197611
3387,35667
3388,23606
3389,14307
3390,10030
3391,20886
3392,11275
3393,35653
3394,35656
3395,35968
3396,35602
3397,35606
3398,209320
3399,26717
3400,26639
3401,24042
3402,12265
3403,13554
3404,19158
3405,2976
3406,19019
3407,35618
3408,27267
3409,28205
3410,35619
3411,11135
3412,35620
3413,19048
3414,52198
3415,25125
3416,35591
3417,35593
3418,10960
3419,247525
3420,10737
3421,89726
3422,35596
3423,35597
3424,35598
3425,181270
3426,12070
3427,20028
3428,152130
3429,35577
3430,24576
3431,101547
3432,20049
3433,35585
3434,35586
3435,2066
3436,35589
3437,13104
3438,35526
3439,35528
3440,2999
3441,35531
3442,35532
3443,35533
3444,16301
3445,35535
3446,35538
3447,9882
3448,35541
3449,35546
3450,35547
3451,4758
3452,19319
3453,35552
3454,18086
3455,19949
3456,154208
3457,35513
3458,24595
3459,18721
3460,2270
3461,282793
3462,12204
3463,36766
3464,20347
3465,27264
3466,24150
3467,22672
3468,11798
3469,2955
3470,18164
3471,13199
3472,35525
3473,26468
3474,7360
3475,244861
3476,10140
3477,14903
3478,90609
3479,35481
3480,11250
3481,14144
3482,11703
3483,35482
3484,18406
3485,22036
3486,13211
3487,13210
3488,35486
3489,11492
3490,35487
3491,35489
3492,35491
3493,289358
3494,35493
3495,35494
3496,35497
3497,13677
3498,10031
3499,18209
3500,35501
3501,252295
3502,15183
3503,35430
3504,25944
3505,35436
3506,21994
3507,18559
3508,6655
3509,23472
3510,262051
3511,13205
3512,201861
3513,35447
3514,19389
3515,169
3516,172
3517,35450
3518,303285
3519,35451
3520,25622
3521,35454
3522,35459
3523,20756
3524,14174
3525,241825
3526,35463
3527,35464
3528,11821
3529,35466
3530,6739
3531,35467
3532,18398
3533,8657
3534,17003
3535,22427
3536,35476
3537,35477
3538,19874
3539,19022
3540,26823
3541,268929
3542,35556
3543,12880
3544,35558
3545,35559
3546,8713
3547,35562
3548,24624
3549,127098
3550,24205
3551,15563
3552,35566
3553,35568
3554,22808
3555,23279
3556,143114
3557,35404
3558,311951
3559,19748
3560,19899
3561,35409
3562,35412
3563,35425
3564,35426
3565,35427
3566,18592
3567,222336
3568,35382
3569,14404
3570,18312
3571,35389
3572,35355
3573,143151
3574,14394
3575,11707
3576,13384
3577,2114
3578,9523
3579,93050
3580,35361
3581,35366
3582,35367
3583,312606
3584,9494
3585,22837
3586,24034
3587,35371
3588,35375
3589,10605
3590,1404
3591,1407
3592,35378
3593,35329
3594,15821
3595,15490
3596,35342
3597,168125
3598,19168
3599,35346
3600,19301
3601,35347
3602,2176
3603,35349
3604,35350
3605,25213
3606,35306
3607,19075
3608,17279
3609,35311
3610,11597
3611,16300
3612,14593
3613,35316
3614,10225
3615,12637
3616,24031
3617,14224
3618,35327
3619,20348
3620,13686
3621,35282
3622,249520
3623,170227
3624,35283
3625,152479
3626,35284
3627,8263
3628,24207
3629,13223
3630,13674
3631,28952
3632,20055
3633,293776
3634,92129
3635,35289
3636,18082
3637,11785
3638,35296
3639,1147
3640,137708
3641,35299
3642,18509
3643,35302
3644,18006
3645,35258
3646,35263
3647,35264
3648,35265
3649,55038
3650,35267
3651,12979
3652,35268
3653,11315
3654,35271
3655,18394
3656,13217
3657,35274
3658,28362
3659,35276
3660,35234
3661,105548
3662,22726
3663,35238
3664,24608
3665,24615
3666,26979
3667,24627
3668,20365
3669,18997
3670,35252
3671,18955
3672,35208
3673,35210
3674,11168
3675,25516
3676,18858
3677,35212
3678,35213
3679,19089
3680,35217
3681,10323
3682,35223
3683,284564
3684,35225
3685,35226
3686,20207
3687,11802
3688,19944
3689,35228
3690,13182
3691,26719
3692,35187
3693,35189
3694,14391
3695,35195
3696,221717
3697,201709
3698,17022
3699,15905
3700,35159
3701,35161
3702,12891
3703,35163
3704,146930
3705,11052
3706,12692
3707,151112
3708,20994
3709,11333
3710,14177
3711,19390
3712,20787
3713,35179
3714,35131
3715,35132
3716,18726
3717,22399
3718,24362
3719,22017
3720,21599
3721,170873
3722,18111
3723,35145
3724,11133
3725,13663
3726,22851
3727,35153
3728,35108
3729,19657
3730,35113
3731,35114
3732,19981
3733,104677
3734,35118
3735,209344
3736,7630
3737,35121
3738,64359
3739,25238
3740,26837
3741,35130
3742,35089
3743,35090
3744,170718
3745,35081
3746,35083
3747,14545
3748,74812
3749,11172
3750,11205
3751,35099
3752,25838
3753,19645
3754,23637
3755,21631
3756,35058
3757,8339
3758,35065
3759,174491
3760,14397
3761,20463
3762,9630
3763,35072
3764,35074
3765,133323
3766,228462
3767,35077
3768,89285
3769,35032
3770,8256
3771,35035
3772,90481
3773,35037
3774,35038
3775,26789
3776,35040
3777,35041
3778,35042
3779,35044
3780,205673
3781,11051
3782,20090
3783,251215
3784,169798
3785,25941
3786,35052
3787,34898
3788,26533
3789,50092
3790,249433
3791,11590
3792,35017
3793,292068
3794,11415
3795,14685
3796,27109
3797,24210
3798,26709
3799,90611
3800,183282
3801,24967
3802,298526
3803,35079
3804,34985
3805,121503
3806,34986
3807,34987
3808,34990
3809,34994
3810,223055
3811,18903
3812,34996
3813,35000
3814,12731
3815,18973
3816,19851
3817,35005
3818,11633
3819,34964
3820,18338
3821,34967
3822,34968
3823,34971
3824,55372
3825,34978
3826,68859
3827,34981
3828,12775
3829,34982
3830,19867
3831,34934
3832,34935
3833,81426
3834,11562
3835,167671
3836,296330
3837,34939
3838,36726
3839,34941
3840,27096
3841,19517
3842,14744
3843,34942
3844,129846
3845,34943
3846,158984
3847,158985
3848,34950
3849,19249
3850,34951
3851,24311
3852,18013
3853,174245
3854,34953
3855,19279
3856,34956
3857,34957
3858,34912
3859,26608
3860,34919
3861,9730
3862,18430
3863,11539
3864,21646
3865,7285
3866,34922
3867,25808
3868,13161
3869,13204
3870,23214
3871,7352
3872,28188
3873,65691
3874,18440
3875,11742
3876,25337
3877,258556
3878,20345
3879,18327
3880,15710
3881,34932
3882,173994
3883,18971
3884,55019
3885,9989
3886,34882
3887,51456
3888,16311
3889,34903
3890,21641
3891,20269
3892,34841
3893,34843
3894,34867
3895,19009
3896,24584
3897,171975
3898,11057
3899,18819
3900,19149
3901,26654
3902,92545
3903,18962
3904,19068
3905,160291
3906,34896
3907,14602
3908,5607
3909,210435
3910,34853
3911,24533
3912,34854
3913,34856
3914,34857
3915,23236
3916,18374
3917,168671
3918,34861
3919,26703
3920,12073
3921,34836
3922,34837
3923,18158
3924,25685
3925,34827
3926,20205
3927,34828
3928,11644
3929,19456
3930,9870
3931,34823
3932,34815
3933,11765
3934,34817
3935,190280
3936,90599
3937,16611
3938,164669
3939,11583
3940,34796
3941,15862
3942,14360
3943,34800
3944,34802
3945,20048
3946,18492
3947,34804
3948,90613
3949,34808
3950,11612
3951,10373
3952,14587
3953,26551
3954,34774
3955,27534
3956,96476
3957,172328
3958,27774
3959,34780
3960,22089
3961,19795
3962,34782
3963,34784
3964,34786
3965,23957
3966,139316
3967,118958
3968,11501
3969,8877
3970,20918
3971,24458
3972,34746
3973,34747
3974,14393
3975,4974
3976,12530
3977,15182
3978,34749
3979,45111
3980,24037
3981,16312
3982,34751
3983,34752
3984,25702
3985,20471
3986,61273
3987,34755
3988,34756
3989,34761
3990,19405
3991,34763
3992,34768
3993,18213
3994,7323
3995,34725
3996,13142
3997,26553
3998,313465
3999,34733
4000,34735
4001,34737
4002,34739
4003,12517
4004,94800
4005,26371
4006,34745
4007,239163
4008,144349
4009,34672
4010,34673
4011,19978
4012,34677
4013,59752
4014,34680
4015,11550
4016,55123
4017,23179
4018,26239
4019,23985
4020,10996
4021,14075
4022,34693
4023,34695
4024,34696
4025,34697
4026,24920
4027,34700
4028,27510
4029,147054
4030,15443
4031,20206
4032,34705
4033,34706
4034,139145
4035,9177
4036,34712
4037,34713
4038,34716
4039,18180
4040,34719
4041,68344
4042,14712
4043,7687
4044,34634
4045,15931
4046,15894
4047,34636
4048,267932
4049,34639
4050,28950
4051,34640
4052,27927
4053,25228
4054,18078
4055,34644
4056,34645
4057,18389
4058,20342
4059,100761
4060,20176
4061,26530
4062,244498
4063,54737
4064,34654
4065,34656
4066,19173
4067,171034
4068,75286
4069,18098
4070,34624
4071,8660
4072,34595
4073,34596
4074,20358
4075,34598
4076,13189
4077,26725
4078,300540
4079,34604
4080,34609
4081,34610
4082,20753
4083,22359
4084,14172
4085,34613
4086,26601
4087,34615
4088,34617
4089,18452
4090,12523
4091,34580
4092,34581
4093,34585
4094,22383
4095,26473
4096,19124
4097,34588
4098,34591
4099,19081
4100,34593
4101,34594
4102,24594
4103,20923
4104,34574
4105,11599
4106,34579
4107,34550
4108,18484
4109,279124
4110,34553
4111,79653
4112,51408
4113,22214
4114,34560
4115,13141
4116,34536
4117,61032
4118,13103
4119,90426
4120,11657
4121,34531
4122,34533
4123,100149
4124,22149
4125,34499
4126,34507
4127,34508
4128,297759
4129,24622
4130,25276
4131,18474
4132,28031
4133,9176
4134,25962
4135,26647
4136,34518
4137,34519
4138,14395
4139,14148
4140,26129
4141,34521
4142,68724
4143,34476
4144,16298
4145,135015
4146,23581
4147,34480
4148,26470
4149,26175
4150,28182
4151,34484
4152,34486
4153,20391
4154,28545
4155,18970
4156,34491
4157,12598
4158,8716
4159,220870
4160,20330
4161,42377
4162,19013
4163,11489
4164,140605
4165,18351
4166,124010
4167,27043
4168,34459
4169,34461
4170,14403
4171,17253
4172,13619
4173,15902
4174,22670
4175,34468
4176,34469
4177,18063
4178,12151
4179,23732
4180,24684
4181,13541
4182,34472
4183,34473
4184,16439
4185,165876
4186,13200
4187,24501
4188,82377
4189,82376
4190,34440
4191,34441
4192,34442
4193,297476
4194,11118
4195,34447
4196,34448
4197,19969
4198,34397
4199,34398
4200,34400
4201,23882
4202,24605
4203,34401
4204,23151
4205,14387
4206,14361
4207,22211
4208,18185
4209,128413
4210,54798
4211,26202
4212,21429
4213,24713
4214,34414
4215,14763
4216,34416
4217,34417
4218,34372
4219,22417
4220,20360
4221,34378
4222,19810
4223,19914
4224,11069
4225,168717
4226,18985
4227,34387
4228,15734
4229,52107
4230,37294
4231,99545
4232,14199
4233,26701
4234,146696
4235,34392
4236,18190
4237,34393
4238,34395
4239,192893
4240,18335
4241,13542
4242,34348
4243,34351
4244,34353
4245,34354
4246,124948
4247,15691
4248,17027
4249,20362
4250,19977
4251,34366
4252,18015
4253,53268
4254,12834
4255,90601
4256,28488
4257,34340
4258,25254
4259,34345
4260,34322
4261,34324
4262,34325
4263,17994
4264,34326
4265,15890
4266,34329
4267,34330
4268,34331
4269,26522
4270,14765
4271,13665
4272,27663
4273,187761
4274,6751
4275,23245
4276,34320
4277,19787
4278,22213
4279,34300
4280,20460
4281,24518
4282,23865
4283,14566
4284,14872
4285,34309
4286,34313
4287,269289
4288,34281
4289,27737
4290,34285
4291,14742
4292,34288
4293,34289
4294,34293
4295,34294
4296,11746
4297,34290
4298,18905
4299,23174
4300,34291
4301,172245
4302,34273
4303,11002
4304,34251
4305,9570
4306,34254
4307,26520
4308,18363
4309,16135
4310,12987
4311,16754
4312,27336
4313,9214
4314,34268
4315,241970
4316,68
4317,24618
4318,34259
4319,34261
4320,55147
4321,640
4322,5913
4323,19943
4324,26807
4325,24764
4326,26521
4327,34182
4328,34192
4329,34193
4330,11536
4331,158950
4332,147845
4333,34197
4334,34198
4335,18127
4336,34176
4337,34177
4338,25664
4339,34152
4340,34155
4341,18623
4342,34156
4343,25093
4344,34161
4345,34162
4346,34164
4347,34165
4348,18981
4349,19015
4350,19053
4351,7194
4352,34167
4353,17000
4354,7842
4355,9694
4356,182961
4357,34141
4358,34145
4359,34147
4360,219809
4361,34150
4362,26307
4363,34129
4364,7603
4365,19017
4366,7818
4367,74762
4368,27004
4369,22131
4370,14390
4371,34133
4372,34134
4373,10403
4374,26612
4375,34106
4376,34107
4377,289825
4378,23372
4379,34110
4380,19293
4381,34111
4382,16469
4383,20094
4384,19292
4385,34114
4386,34115
4387,9871
4388,27186
4389,27752
4390,19871
4391,174953
4392,34124
4393,34125
4394,25210
4395,34200
4396,34201
4397,34202
4398,26704
4399,1820
4400,125197
4401,69579
4402,17457
4403,34241
4404,18339
4405,34088
4406,34091
4407,34093
4408,16302
4409,27343
4410,34095
4411,34096
4412,9546
4413,90604
4414,34100
4415,25209
4416,19880
4417,34059
4418,123834
4419,19345
4420,26527
4421,14762
4422,7405
4423,34065
4424,34067
4425,57391
4426,34071
4427,34072
4428,28281
4429,34074
4430,34076
4431,34077
4432,83322
4433,27991
4434,19085
4435,24620
4436,25843
4437,14720
4438,19562
4439,24527
4440,18166
4441,145802
4442,34039
4443,34041
4444,24440
4445,34042
4446,20179
4447,15925
4448,23905
4449,34050
4450,19289
4451,34053
4452,34056
4453,14206
4454,34012
4455,54315
4456,225565
4457,19084
4458,26467
4459,126813
4460,19174
4461,34015
4462,34016
4463,34017
4464,34021
4465,34023
4466,26948
4467,166561
4468,17004
4469,19300
4470,15537
4471,34028
4472,34030
4473,24416
4474,34031
4475,34032
4476,18454
4477,33983
4478,33991
4479,33992
4480,33993
4481,19326
4482,33997
4483,27038
4484,34003
4485,34004
4486,24821
4487,34005
4488,34007
4489,18081
4490,34205
4491,37751
4492,20394
4493,34213
4494,20875
4495,25680
4496,34215
4497,34216
4498,33942
4499,57129
4500,33946
4501,23993
4502,33949
4503,33950
4504,14299
4505,19454
4506,53482
4507,33953
4508,18135
4509,28733
4510,18148
4511,9174
4512,14747
4513,171048
4514,33926
4515,16994
4516,11276
4517,25361
4518,277875
4519,19066
4520,108604
4521,19847
4522,33936
4523,271498
4524,15735
4525,33965
4526,33893
4527,28503
4528,33896
4529,19521
4530,301728
4531,18907
4532,8729
4533,33898
4534,18690
4535,7247
4536,7046
4537,33900
4538,28533
4539,19132
4540,61631
4541,36701
4542,97052
4543,33902
4544,69321
4545,33905
4546,21580
4547,9216
4548,25104
4549,33907
4550,33908
4551,33913
4552,33917
4553,33869
4554,28305
4555,19606
4556,15932
4557,21676
4558,18182
4559,41045
4560,214734
4561,20326
4562,19331
4563,18954
4564,33885
4565,33886
4566,33887
4567,33888
4568,16308
4569,19876
4570,33862
4571,33868
4572,15904
4573,18614
4574,33849
4575,33851
4576,33854
4577,33855
4578,20363
4579,20395
4580,18812
4581,18010
4582,17455
4583,33822
4584,28307
4585,33823
4586,33824
4587,33825
4588,266887
4589,60467
4590,54580
4591,26399
4592,19897
4593,172222
4594,33838
4595,33840
4596,33841
4597,24985
4598,18687
4599,230251
4600,112031
4601,33801
4602,205591
4603,15933
4604,33806
4605,26524
4606,19442
4607,27243
4608,27116
4609,51550
4610,33810
4611,33816
4612,33818
4613,33819
4614,33811
4615,33812
4616,33787
4617,21521
4618,15744
4619,283135
4620,108297
4621,33779
4622,33782
4623,54590
4624,33754
4625,18157
4626,33758
4627,9834
4628,16287
4629,33760
4630,33764
4631,18205
4632,19885
4633,54305
4634,18094
4635,31180
4636,33732
4637,33733
4638,17007
4639,33735
4640,33736
4641,23596
4642,19082
4643,142500
4644,33746
4645,33747
4646,90589
4647,33689
4648,32600
4649,206935
4650,92095
4651,19407
4652,33716
4653,33717
4654,33720
4655,23582
4656,33724
4657,165106
4658,24446
4659,21907
4660,33702
4661,26847
4662,18011
4663,103337
4664,27870
4665,26809
4666,19553
4667,188081
4668,16136
4669,33661
4670,33663
4671,109257
4672,33665
4673,280423
4674,27530
4675,19169
4676,33672
4677,33677
4678,23881
4679,27577
4680,26221
4681,52186
4682,28101
4683,119994
4684,7004
4685,26674
4686,18302
4687,25240
4688,33639
4689,33641
4690,19002
4691,46758
4692,230872
4693,33646
4694,33607
4695,33608
4696,21623
4697,33611
4698,33612
4699,18090
4700,33613
4701,33615
4702,33617
4703,21324
4704,24616
4705,33622
4706,33625
4707,33628
4708,154728
4709,24681
4710,33583
4711,11857
4712,17030
4713,19302
4714,14389
4715,33598
4716,20349
4717,12815
4718,33601
4719,33603
4720,55115
4721,25822
4722,24928
4723,33558
4724,33559
4725,80553
4726,33566
4727,217625
4728,19406
4729,23836
4730,25261
4731,33572
4732,33575
4733,33577
4734,21767
4735,16999
4736,78155
4737,19679
4738,20102
4739,23240
4740,151
4741,33538
4742,18431
4743,109477
4744,18861
4745,18077
4746,19083
4747,19012
4748,164020
4749,33541
4750,33544
4751,274906
4752,124855
4753,33509
4754,33511
4755,28342
4756,97165
4757,21606
4758,27511
4759,33524
4760,19887
4761,70354
4762,33528
4763,33529
4764,95703
4765,7393
4766,20367
4767,18977
4768,33533
4769,33485
4770,33486
4771,11807
4772,33495
4773,33496
4774,33497
4775,271671
4776,19481
4777,33501
4778,299017
4779,18957
4780,33507
4781,33508
4782,92455
4783,33462
4784,33463
4785,33464
4786,18435
4787,33469
4788,16984
4789,10501
4790,27114
4791,33473
4792,33474
4793,33479
4794,33480
4795,33481
4796,250160
4797,26493
4798,20908
4799,23185
4800,24918
4801,18656
4802,33441
4803,11004
4804,57407
4805,19550
4806,33451
4807,18175
4808,41531
4809,26743
4810,18727
4811,27994
4812,26363
4813,22813
4814,19409
4815,19441
4816,15823
4817,27719
4818,33395
4819,33397
4820,33398
4821,33399
4822,27217
4823,15465
4824,21486
4825,21245
4826,19549
4827,303279
4828,33408
4829,116564
4830,33416
4831,33417
4832,18178
4833,33379
4834,33380
4835,33381
4836,120688
4837,26864
4838,33383
4839,20404
4840,18212
4841,109224
4842,33385
4843,33386
4844,18433
4845,81416
4846,33350
4847,33349
4848,33347
4849,33354
4850,33359
4851,33363
4852,33367
4853,33370
4854,33371
4855,33322
4856,108844
4857,33326
4858,33331
4859,78368
4860,90459
4861,33333
4862,33335
4863,33340
4864,33343
4865,6730
4866,33346
4867,29255
4868,99974
4869,25098
4870,22377
4871,33321
4872,14879
4873,22747
4874,19043
4875,27337
4876,33305
4877,90591
4878,294558
4879,170061
4880,33309
4881,18984
4882,18978
4883,23958
4884,33289
4885,33290
4886,33291
4887,23870
4888,12511
4889,164697
4890,19067
4891,23425
4892,256877
4893,20688
4894,19445
4895,314065
4896,177536
4897,33285
4898,33265
4899,33268
4900,56297
4901,33269
4902,26794
4903,13198
4904,33272
4905,19242
4906,33273
4907,20290
4908,28066
4909,111825
4910,33262
4911,19167
4912,18871
4913,33261
4914,33259
4915,19751
4916,33255
4917,19394
4918,33277
4919,25811
4920,33236
4921,27487
4922,33239
4923,22958
4924,33243
4925,33246
4926,33248
4927,33250
4928,137079
4929,33227
4930,212707
4931,28727
4932,33230
4933,207291
4934,33434
4935,124508
4936,20143
4937,33431
4938,282717
4939,33429
4940,20789
4941,33425
4942,26403
4943,33423
4944,22752
4945,33206
4946,33210
4947,141765
4948,33214
4949,33222
4950,38226
4951,27568
4952,33182
4953,14701
4954,33187
4955,33192
4956,112879
4957,163
4958,33153
4959,33159
4960,33161
4961,18222
4962,33167
4963,33171
4964,19542
4965,21993
4966,18983
4967,33174
4968,27129
4969,33131
4970,33132
4971,33133
4972,33134
4973,25605
4974,237262
4975,18900
4976,19786
4977,22039
4978,33144
4979,33145
4980,27051
4981,33147
4982,18901
4983,33110
4984,33111
4985,33115
4986,33116
4987,33118
4988,25678
4989,6006
4990,4701
4991,33121
4992,19462
4993,33123
4994,25339
4995,33124
4996,33079
4997,24474
4998,33082
4999,13157
5000,26183
5001,33089
5002,20528
5003,33054
5004,19045
5005,33055
5006,9620
5007,33058
5008,176667
5009,33062
5010,33065
5011,20193
5012,16998
5013,186942
5014,15533
5015,33070
5016,33071
5017,19554
5018,11171
5019,20150
5020,33073
5021,33076
5022,33029
5023,22366
5024,24840
5025,33033
5026,33043
5027,33045
5028,33047
5029,33048
5030,33049
5031,33003
5032,33004
5033,33006
5034,33007
5035,33008
5036,33010
5037,33011
5038,33014
5039,18792
5040,33020
5041,20393
5042,33021
5043,18860
5044,33024
5045,33025
5046,80547
5047,32981
5048,20190
5049,18822
5050,25081
5051,32997
5052,54805
5053,32999
5054,33000
5055,197815
5056,42676
5057,231278
5058,168152
5059,32957
5060,32958
5061,32960
5062,24531
5063,32964
5064,26579
5065,107138
5066,32965
5067,32966
5068,32967
5069,32969
5070,311394
5071,19444
5072,32978
5073,18379
5074,32934
5075,27396
5076,32936
5077,26532
5078,32939
5079,26581
5080,195835
5081,24464
5082,18857
5083,32949
5084,27802
5085,30205
5086,121571
5087,32952
5088,1676
5089,19036
5090,22692
5091,8448
5092,32916
5093,32917
5094,26748
5095,27089
5096,28574
5097,32922
5098,32924
5099,32930
5100,112185
5101,19543
5102,11545
5103,167195
5104,26293
5105,32771
5106,26927
5107,32774
5108,20340
5109,22398
5110,76045
5111,32782
5112,200308
5113,26914
5114,32737
5115,24515
5116,27988
5117,18231
5118,19396
5119,18918
5120,32748
5121,32750
5122,23914
5123,32753
5124,53726
5125,46461
5126,32757
5127,32719
5128,198308
5129,32723
5130,25943
5131,13231
5132,32725
5133,32731
5134,25849
5135,32763
5136,32764
5137,32695
5138,109056
5139,32699
5140,32701
5141,32705
5142,19321
5143,19439
5144,200512
5145,32708
5146,26145
5147,23942
5148,32709
5149,32717
5150,32670
5151,32672
5152,56867
5153,20982
5154,32676
5155,77654
5156,20788
5157,32680
5158,20459
5159,32682
5160,32683
5161,27034
5162,18387
5163,19388
5164,32684
5165,24441
5166,32688
5167,32692
5168,20074
5169,28711
5170,18397
5171,32646
5172,84113
5173,32654
5174,24941
5175,26808
5176,116146
5177,32663
5178,23330
5179,26358
5180,32617
5181,23352
5182,32621
5183,23982
5184,32622
5185,32626
5186,32629
5187,325999
5188,22025
5189,96019
5190,32635
5191,18811
5192,74814
5193,19333
5194,32637
5195,32638
5196,32639
5197,32640
5198,32591
5199,32593
5200,22806
5201,32594
5202,24839
5203,65383
5204,76680
5205,32603
5206,32608
5207,3750
5208,32614
5209,28224
5210,32616
5211,32569
5212,32567
5213,31071
5214,27544
5215,271406
5216,22798
5217,76860
5218,32581
5219,32583
5220,25221
5221,28204
5222,21560
5223,32585
5224,32587
5225,32588
5226,275573
5227,16992
5228,32545
5229,32546
5230,32547
5231,19404
5232,25343
5233,19803
5234,11589
5235,32555
5236,32556
5237,25341
5238,32537
5239,32538
5240,19531
5241,36611
5242,169569
5243,170332
5244,32518
5245,28547
5246,55865
5247,32521
5248,32524
5249,32526
5250,13552
5251,287678
5252,26860
5253,76616
5254,32500
5255,197833
5256,32503
5257,23212
5258,174499
5259,32510
5260,28070
5261,32511
5262,24925
5263,32466
5264,32472
5265,32473
5266,32475
5267,32477
5268,32478
5269,32479
5270,32480
5271,258514
5272,301308
5273,253964
5274,68461
5275,308346
5276,80456
5277,32444
5278,95339
5279,32445
5280,32447
5281,32454
5282,19680
5283,32456
5284,32457
5285,32459
5286,32461
5287,25638
5288,32422
5289,32424
5290,32427
5291,97100
5292,32434
5293,19724
5294,22709
5295,32440
5296,32396
5297,47823
5298,23723
5299,32400
5300,32401
5301,21632
5302,25086
5303,32403
5304,19811
5305,32407
5306,32408
5307,32411
5308,273248
5309,32886
5310,32888
5311,25206
5312,32889
5313,32892
5314,18317
5315,55039
5316,32901
5317,26548
5318,11161
5319,32858
5320,32859
5321,18399
5322,21986
5323,19729
5324,24411
5325,32868
5326,22373
5327,271508
5328,32870
5329,32873
5330,27150
5331,27545
5332,100501
5333,76410
5334,22722
5335,19457
5336,17446
5337,8215
5338,32839
5339,122317
5340,15186
5341,90582
5342,18930
5343,32845
5344,20400
5345,135119
5346,26122
5347,56696
5348,18234
5349,32850
5350,24855
5351,143705
5352,22751
5353,32808
5354,32809
5355,32812
5356,32813
5357,32814
5358,32817
5359,32819
5360,32820
5361,32821
5362,32826
5363,32828
5364,170724
5365,32832
5366,22704
5367,25787
5368,131334
5369,25676
5370,86269
5371,32352
5372,26763
5373,32354
5374,32360
5375,127135
5376,21602
5377,36649
5378,27698
5379,32320
5380,32327
5381,301976
5382,299319
5383,32802
5384,18829
5385,25714
5386,20329
5387,32339
5388,130827
5389,32303
5390,20399
5391,32302
5392,26197
5393,27353
5394,174558
5395,32311
5396,28557
5397,14378
5398,248069
5399,23499
5400,36614
5401,27659
5402,32281
5403,28323
5404,32291
5405,19635
5406,32294
5407,32250
5408,32256
5409,20469
5410,24033
5411,26671
5412,26606
5413,32265
5414,32266
5415,32225
5416,27575
5417,99741
5418,32228
5419,24881
5420,40557
5421,32232
5422,23345
5423,32237
5424,32242
5425,152985
5426,32248
5427,32249
5428,32204
5429,24922
5430,23167
5431,24867
5432,187484
5433,20125
5434,32210
5435,149064
5436,32221
5437,32222
5438,32197
5439,32199
5440,264550
5441,32184
5442,179755
5443,32189
5444,22818
5445,32191
5446,32193
5447,32194
5448,21414
5449,32159
5450,14746
5451,32163
5452,169338
5453,32175
5454,32797
5455,32371
5456,20472
5457,28648
5458,18311
5459,32102
5460,18637
5461,32115
5462,32122
5463,27319
5464,16468
5465,255
5466,32090
5467,22356
5468,32083
5469,32084
5470,32085
5471,11233
5472,25661
5473,32057
5474,26167
5475,32062
5476,81275
5477,32065
5478,133974
5479,222
5480,32029
5481,32032
5482,32036
5483,19765
5484,26705
5485,27470
5486,282531
5487,25951
5488,32046
5489,32050
5490,82106
5491,32009
5492,22374
5493,11006
5494,19563
5495,275402
5496,32011
5497,294984
5498,191379
5499,31981
5500,28112
5501,154599
5502,27308
5503,24642
5504,31988
5505,20927
5506,56873
5507,19604
5508,31997
5509,125129
5510,28086
5511,32003
5512,11350
5513,18688
5514,25084
5515,26226
5516,32134
5517,23193
5518,32136
5519,32137
5520,32152
5521,32125
5522,31972
5523,31973
5524,18075
5525,21970
5526,28319
5527,27091
5528,31962
5529,26856
5530,27339
5531,31967
5532,299154
5533,31969
5534,183675
5535,27445
5536,241462
5537,208895
5538,31939
5539,27373
5540,284650
5541,24972
5542,31911
5543,31912
5544,25741
5545,31915
5546,31916
5547,31917
5548,74344
5549,187132
5550,31921
5551,31922
5552,31923
5553,31926
5554,21642
5555,28076
5556,31931
5557,31933
5558,31893
5559,24463
5560,31898
5561,101515
5562,23721
5563,50093
5564,31905
5565,31867
5566,31871
5567,31873
5568,61212
5569,31882
5570,31885
5571,140446
5572,312943
5573,105287
5574,31819
5575,28067
5576,110573
5577,19516
5578,31820
5579,24816
5580,31824
5581,31825
5582,31826
5583,31834
5584,31840
5585,31799
5586,31800
5587,31805
5588,31806
5589,25871
5590,55137
5591,185710
5592,31752
5593,28861
5594,31759
5595,31764
5596,31766
5597,24197
5598,25577
5599,27529
5600,31726
5601,31727
5602,7296
5603,26223
5604,23275
5605,31738
5606,23583
5607,107267
5608,23187
5609,23180
5610,31780
5611,31781
5612,26494
5613,31786
5614,31787
5615,25850
5616,23726
5617,31791
5618,31794
5619,31709
5620,31712
5621,31713
5622,31698
5623,18751
5624,31695
5625,272639
5626,31796
5627,11530
5628,31679
5629,28741
5630,19862
5631,31777
5632,265130
5633,31657
5634,31662
5635,31663
5636,96250
5637,28951
5638,31666
5639,31667
5640,31668
5641,31669
5642,31627
5643,31628
5644,31632
5645,11122
5646,25658
5647,144495
5648,31634
5649,154325
5650,21453
5651,31619
5652,31625
5653,26449
5654,31587
5655,103261
5656,31598
5657,25644
5658,6332
5659,7508
5660,31542
5661,31547
5662,94392
5663,31564
5664,313504
5665,31572
5666,23725
5667,25946
5668,24823
5669,26381
5670,26299
5671,31522
5672,31523
5673,51495
5674,171860
5675,31533
5676,13620
5677,31499
5678,54634
5679,24051
5680,31505
5681,31506
5682,67625
5683,31515
5684,31516
5685,31518
5686,28113
5687,31486
5688,31487
5689,31494
5690,31480
5691,278054
5692,31456
5693,31457
5694,31458
5695,28172
5696,27205
5697,31463
5698,10545
5699,19450
5700,39749
5701,74384
5702,24980
5703,31438
5704,27024
5705,31448
5706,36815
5707,39758
5708,31451
5709,123137
5710,25211
5711,23722
5712,11208
5713,31421
5714,26140
5715,28158
5716,26138
5717,31383
5718,27791
5719,36534
5720,31393
5721,44282
5722,37134
5723,56870
5724,31400
5725,25640
5726,31401
5727,31356
5728,26611
5729,26528
5730,37385
5731,68173
5732,17479
5733,31369
5734,31363
5735,31366
5736,31313
5737,26229
5738,19519
5739,31318
5740,31319
5741,12633
5742,14878
5743,25921
5744,93046
5745,203272
5746,31329
5747,31355
5748,31354
5749,31349
5750,31338
5751,31340
5752,31286
5753,27381
5754,86395
5755,27754
5756,31300
5757,31301
5758,31302
5759,256787
5760,26621
5761,23157
5762,24838
5763,31259
5764,25607
5765,31265
5766,60066
5767,22381
5768,31273
5769,76546
5770,160279
5771,31274
5772,26188
5773,27519
5774,46254
5775,31235
5776,18869
5777,31238
5778,31242
5779,54772
5780,25851
5781,31249
5782,31250
5783,90578
5784,73529
5785,31253
5786,162252
5787,25118
5788,23851
5789,25847
5790,26550
5791,25239
5792,90566
5793,27694
5794,36607
5795,24516
5796,31228
5797,28302
5798,26549
5799,31230
5800,26422
5801,27415
5802,31194
5803,31192
5804,31198
5805,22781
5806,26593
5807,31199
5808,25208
5809,31212
5810,31214
5811,25222
5812,31160
5813,62151
5814,25743
5815,25298
5816,31077
5817,26968
5818,31069
5819,26739
5820,52097
5821,31060
5822,31084
5823,271703
5824,31088
5825,31090
5826,25789
5827,25253
5828,58066
5829,75234
5830,31178
5831,31173
5832,31135
5833,113102
5834,28465
5835,31141
5836,26853
5837,223155
5838,26628
5839,21628
5840,25954
5841,31127
5842,121287
5843,25791
5844,26945
5845,30986
5846,12206
5847,54787
5848,30988
5849,310447
5850,30997
5851,31000
5852,27874
5853,31001
5854,24960
5855,267628
5856,27940
5857,27546
5858,102107
5859,25713
5860,31018
5861,31020
5862,315614
5863,31022
5864,31024
5865,31025
5866,31037
5867,31040
5868,26032
5869,31053
5870,11592
5871,233336
5872,30963
5873,25317
5874,24815
5875,26812
5876,39279
5877,30972
5878,26580
5879,30979
5880,24426
5881,30938
5882,231526
5883,102247
5884,30946
5885,30947
5886,30949
5887,30950
5888,30739
5889,30744
5890,27407
5891,245701
5892,30756
5893,30759
5894,19798
5895,212882
5896,36635
5897,30776
5898,7098
5899,22703
5900,30786
5901,196642
5902,19220
5903,27675
5904,250155
5905,28842
5906,76885
5907,108539
5908,27741
5909,26732
5910,30925
5911,30927
5912,30882
5913,30888
5914,25264
5915,30893
5916,25597
5917,25788
5918,30901
5919,25649
5920,6866
5921,30864
5922,30865
5923,30871
5924,30872
5925,30875
5926,30876
5927,30877
5928,30878
5929,133975
5930,26577
5931,30849
5932,30851
5933,302853
5934,26541
5935,30812
5936,26292
5937,30820
5938,27770
5939,30830
5940,30792
5941,30794
5942,231830
5943,26370
5944,23504
5945,27134
5946,30711
5947,52042
5948,28214
5949,10681
5950,30692
5951,25776
5952,26618
5953,11527
5954,30705
5955,76137
5956,25625
5957,28751
5958,30662
5959,30666
5960,18706
5961,56381
5962,30676
5963,27743
5964,30636
5965,172146
5966,36615
5967,26500
5968,201975
5969,30647
5970,26687
5971,30649
5972,30650
5973,30652
5974,30655
5975,153694
5976,36775
5977,30620
5978,91116
5979,55189
5980,146032
5981,22783
5982,28160
5983,298415
5984,30634
5985,28200
5986,28026
5987,227731
5988,30283
5989,27290
5990,59858
5991,51558
5992,76587
5993,25964
5994,56095
5995,30577
5996,36787
5997,229369
5998,30564
5999,28247
6000,27684
6001,29004
6002,30562
6003,54812
6004,28303
6005,20909
6006,30548
6007,320745
6008,69626
6009,119923
6010,30494
6011,27497
6012,30537
6013,30534
6014,30533
6015,26136
6016,267674
6017,30530
6018,30529
6019,30527
6020,30522
6021,9708
6022,30515
6023,30509
6024,26811
6025,30501
6026,25924
6027,108181
6028,22387
6029,30467
6030,284329
6031,30487
6032,26678
6033,30471
6034,30474
6035,30475
6036,30479
6037,9136
6038,135360
6039,30482
6040,30459
6041,30457
6042,30453
6043,30452
6044,26735
6045,30443
6046,27514
6047,27094
6048,30415
6049,26222
6050,30427
6051,150362
6052,30428
6053,55121
6054,222635
6055,19270
6056,106992
6057,30438
6058,30410
6059,201072
6060,12
6061,30406
6062,30405
6063,28753
6064,30402
6065,25572
6066,26951
6067,164
6068,26591
6069,30391
6070,80348
6071,187
6072,30383
6073,30388
6074,26490
6075,90635
6076,28133
6077,30360
6078,30359
6079,26492
6080,30348
6081,30340
6082,30339
6083,78589
6084,30332
6085,26595
6086,182497
6087,54844
6088,30314
6089,30307
6090,30288
6091,77187
6092,27181
6093,27547
6094,30276
6095,27685
6096,30267
6097,30181
6098,30184
6099,90554
6100,102799
6101,54810
6102,30195
6103,102283
6104,13062
6105,30170
6106,30142
6107,28236
6108,30131
6109,30133
6110,30134
6111,72964
6112,317950
6113,26974
6114,30122
6115,12579
6116,75581
6117,30017
6118,86611
6119,30014
6120,26665
6121,30002
6122,26756
6123,29995
6124,26574
6125,30028
6126,30029
6127,30038
6128,73954
6129,30056
6130,30060
6131,106807
6132,38799
6133,30063
6134,10232
6135,30092
6136,54822
6137,52251
6138,36912
6139,320069
6140,54821
6141,54824
6142,76075
6143,81085
6144,30077
6145,30076
6146,36636
6147,30073
6148,11366
6149,28831
6150,228553
6151,27068
6152,27475
6153,27088
6154,26028
6155,55190
6156,29933
6157,29934
6158,36623
6159,83844
6160,54820
6161,24105
6162,36724
6163,36652
6164,25648
6165,46464
6166,54524
6167,117991
6168,29951
6169,26341
6170,29953
6171,197579
6172,29955
6173,27358
6174,29965
6175,36962
6176,29975
6177,18280
6178,29983
6179,29991
6180,29994
6181,36727
6182,80759
6183,29850
6184,272078
6185,12099
6186,29857
6187,27416
6188,29860
6189,29863
6190,68843
6191,29872
6192,29874
6193,29877
6194,29879
6195,117827
6196,29883
6197,29889
6198,29892
6199,27457
6200,293029
6201,29911
6202,29900
6203,29898
6204,29825
6205,27335
6206,29823
6207,29826
6208,29837
6209,90102
6210,29842
6211,29800
6212,29799
6213,318823
6214,10354
6215,140975
6216,29804
6217,29806
6218,29807
6219,166489
6220,2177
6221,41047
6222,28073
6223,242388
6224,27801
6225,29775
6226,146743
6227,26780
6228,28239
6229,27304
6230,29787
6231,15911
6232,11180
6233,26165
6234,29754
6235,74250
6236,27732
6237,29744
6238,40566
6239,29759
6240,29740
6241,29738
6242,29737
6243,21604
6244,54699
6245,18088
6246,86383
6247,29730
6248,29725
6249,29724
6250,29718
6251,36926
6252,28540
6253,27910
6254,29695
6255,82148
6256,27310
6257,25214
6258,28044
6259,19812
6260,6292
6261,147260
6262,27317
6263,27328
6264,36846
6265,54690
6266,216129
6267,81259
6268,54572
6269,49120
6270,317341
6271,40139
6272,21364
6273,27717
6274,41812
6275,239044
6276,27444
6277,19282
6278,29667
6279,54775
6280,29670
6281,12788
6282,29648
6283,75158
6284,29639
6285,27139
6286,29638
6287,29631
6288,300720
6289,86545
6290,25675
6291,27334
6292,27747
6293,11613
6294,77175
6295,216872
6296,27084
6297,29601
6298,9592
6299,29623
6300,116134
6301,90487
6302,29579
6303,29582
6304,10948
6305,15457
6306,29588
6307,26915
6308,39785
6309,25948
6310,19384
6311,51382
6312,29552
6313,29553
6314,20744
6315,29558
6316,315766
6317,29564
6318,34657
6319,28327
6320,68694
6321,55564
6322,27207
6323,162280
6324,28050
6325,27986
6326,29570
6327,26855
6328,27976
6329,22023
6330,27712
6331,27338
6332,21561
6333,28164
6334,29543
6335,14748
6336,120257
6337,23910
6338,25747
6339,290173
6340,29511
6341,26728
6342,29509
6343,75247
6344,29515
6345,29520
6346,27506
6347,76426
6348,186257
6349,29501
6350,28012
6351,27417
6352,76422
6353,81247
6354,29494
6355,42925
6356,55570
6357,90464
6358,129999
6359,29462
6360,113253
6361,29459
6362,29460
6363,56347
6364,18020
6365,28028
6366,7291
6367,27692
6368,97589
6369,89410
6370,23188
6371,29422
6372,29421
6373,69422
6374,26633
6375,56553
6376,29418
6377,19455
6378,56997
6379,27272
6380,54816
6381,117926
6382,29402
6383,24427
6384,82077
6385,29410
6386,29411
6387,44516
6388,36716
6389,29388
6390,29383
6391,76256
6392,27446
6393,27686
6394,19570
6395,27274
6396,29379
6397,29380
6398,27574
6399,28738
6400,75582
6401,55590
6402,99192
6403,89562
6404,212593
6405,29348
6406,20474
6407,28074
6408,51385
6409,180394
6410,29326
6411,76127
6412,28072
6413,29333
6414,31556
6415,19327
6416,171914
6417,29328
6418,55028
6419,165882
6420,95330
6421,36813
6422,29344
6423,28292
6424,7392
6425,27430
6426,153620
6427,29272
6428,29271
6429,112721
6430,29287
6431,251103
6432,29283
6433,28554
6434,36519
6435,29293
6436,112545
6437,29246
6438,29245
6439,51944
6440,29257
6441,29260
6442,29262
6443,44518
6444,191929
6445,29242
6446,51446
6447,27776
6448,29239
6449,277687
6450,246648
6451,81273
6452,136721
6453,29217
6454,29188
6455,29185
6456,36625
6457,110415
6458,28380
6459,29178
6460,11312
6461,38494
6462,24989
6463,28300
6464,4164
6465,27666
6466,29173
6467,29171
6468,28286
6469,273304
6470,29159
6471,36626
6472,29157
6473,65842
6474,75161
6475,55710
6476,29148
6477,29147
6478,238367
6479,21989
6480,29092
6481,19520
6482,26970
6483,36966
6484,28213
6485,26180
6486,27005
6487,29099
6488,51945
6489,29101
6490,51562
6491,29106
6492,29108
6493,29110
6494,29070
6495,58612
6496,28272
6497,109292
6498,29072
6499,19530
6500,27922
6501,37088
6502,29076
6503,55812
6504,318729
6505,28419
6506,29078
6507,29084
6508,74688
6509,29081
6510,29087
6511,36717
6512,29028
6513,296666
6514,36627
6515,36643
6516,36952
6517,29056
6518,27744
6519,25314
6520,44159
6521,68203
6522,29064
6523,29014
6524,79447
6525,74712
6526,29019
6527,37030
6528,53309
6529,28999
6530,28998
6531,28997
6532,28927
6533,28935
6534,28939
6535,28454
6536,221235
6537,28945
6538,28171
6539,28919
6540,121331
6541,36629
6542,27359
6543,90463
6544,28907
6545,25632
6546,28765
6547,95668
6548,28320
6549,54831
6550,109611
6551,28312
6552,23175
6553,76840
6554,151203
6555,83893
6556,61891
6557,83736
6558,74881
6559,36798
6560,64204
6561,81232
6562,28801
6563,74686
6564,28802
6565,71031
6566,28794
6567,257309
6568,76566
6569,186329
6570,44161
6571,80960
6572,28701
6573,28863
6574,36972
6575,43124
6576,28678
6577,54697
6578,27711
6579,76582
6580,95113
6581,28311
6582,110486
6583,28241
6584,28682
6585,28685
6586,28170
6587,28686
6588,11631
6589,54662
6590,76356
6591,68682
6592,76424
6593,28289
6594,28375
6595,77360
6596,275041
6597,36515
6598,19470
6599,36478
6600,43178
6601,36868
6602,74684
6603,77038
6604,82406
6605,27793
6606,36472
6607,52766
6608,38754
6609,26975
6610,28244
6611,36470
6612,36469
6613,36468
6614,36463
6615,34665
6616,44163
6617,262202
6618,56969
6619,111474
6620,36743
6621,65840
6622,68503
6623,37037
6624,51974
6625,36856
6626,50745
6627,74682
6628,20734
6629,40546
6630,40521
6631,27282
6632,28924
6633,36707
6634,52028
6635,54574
6636,96101
6637,36499
6638,164790
6639,28548
6640,57060
6641,36718
6642,105057
6643,41957
6644,28597
6645,34667
6646,51565
6647,160292
6648,36528
6649,36543
6650,127566
6651,124242
6652,41910
6653,291096
6654,28592
6655,36529
6656,55543
6657,19746
6658,26481
6659,25636
6660,14713
6661,36618
6662,18279
6663,21063
6664,55034
6665,55092
6666,90625
6667,111908
6668,85526
6669,36869
6670,921
6671,11839
6672,11397
6673,27323
6674,44158
6675,36826
6676,77086
6677,36977
6678,48323
6679,40098
6680,38808
6681,52190
6682,55539
6683,36929
6684,43127
6685,55538
6686,103316
6687,76735
6688,91208
6689,36928
6690,36979
6691,54613
6692,80544
6693,36981
6694,67626
6695,81194
6696,44165
6697,38793
6698,51499
6699,75403
6700,75080
6701,83708
6702,68484
6703,38782
6704,37018
6705,52086
6706,320704
6707,56110
6708,38783
6709,36616
6710,38784
6711,40470
6712,113654
6713,37043
6714,109580
6715,43334
6716,149081
6717,38968
6718,11710
6719,75230
6720,296831
6721,37401
6722,28856
6723,40841
6724,37064
6725,54167
6726,70843
6727,26700
6728,58618
6729,165850
6730,27082
6731,90782
6732,43130
6733,43131
6734,68282
6735,75078
6736,37031
6737,43184
6738,54506
6739,50750
6740,44166
6741,51975
6742,68284
6743,43487
6744,83832
6745,75077
6746,27192
6747,90955
6748,75074
6749,9643
6750,41906
6751,43501
6752,76681
6753,43365
6754,41909
6755,38045
6756,91315
6757,37419
6758,76052
6759,44172
6760,74196
6761,54510
6762,43537
6763,44139
6764,50506
6765,43141
6766,76122
6767,40706
6768,55699
6769,207855
6770,39762
6771,50508
6772,140590
6773,55581
6774,44285
6775,43367
6776,55580
6777,44143
6778,39748
6779,100888
6780,61889
6781,44144
6782,50512
6783,25708
6784,89481
6785,105879
6786,76121
6787,74669
6788,44179
6789,172667
6790,68670
6791,90688
6792,52014
6793,61887
6794,65581
6795,43087
6796,44181
6797,43148
6798,65835
6799,75097
6800,41934
6801,51978
6802,307291
6803,210283
6804,41925
6805,28730
6806,58407
6807,41928
6808,16129
6809,43094
6810,27936
6811,143866
6812,55805
6813,105624
6814,54652
6815,46479
6816,31558
6817,55579
6818,278616
6819,44187
6820,68467
6821,51570
6822,165196
6823,70821
6824,44186
6825,54497
6826,43097
6827,43165
6828,295969
6829,76039
6830,56021
6831,77180
6832,19469
6833,96027
6834,90037
6835,52260
6836,47128
6837,51485
6838,55803
6839,250669
6840,48008
6841,55488
6842,75540
6843,50526
6844,81155
6845,68442
6846,51577
6847,51578
6848,55077
6849,51425
6850,27370
6851,55689
6852,55475
6853,56581
6854,74904
6855,47135
6856,68515
6857,51516
6858,52524
6859,55472
6860,88461
6861,86737
6862,102868
6863,59573
6864,55468
6865,65832
6866,54789
6867,90654
6868,51525
6869,51591
6870,94985
6871,55451
6872,234333
6873,110073
6874,54780
6875,82047
6876,75100
6877,54486
6878,77611
6879,75065
6880,95121
6881,81207
6882,51959
6883,50547
6884,54581
6885,90995
6886,144760
6887,55438
6888,103032
6889,51604
6890,61884
6891,52095
6892,55422
6893,52200
6894,51733
6895,54476
6896,75062
6897,55406
6898,36762
6899,96841
6900,55408
6901,41827
6902,9907
6903,22917
6904,26589
6905,55390
6906,68166
6907,76770
6908,68842
6909,52276
6910,108905
6911,96277
6912,57032
6913,55382
6914,52777
6915,54456
6916,83871
6917,288936
6918,55678
6919,74528
6920,103327
6921,55888
6922,27531
6923,55360
6924,55361
6925,54447
6926,87764
6927,113138
6928,113049
6929,78550
6930,68444
6931,54343
6932,54331
6933,81054
6934,54332
6935,59252
6936,55048
6937,27448
6938,74734
6939,170293
6940,110411
6941,19544
6942,88392
6943,72366
6944,81056
6945,54752
6946,74516
6947,55789
6948,74567
6949,55573
6950,28006
6951,11573
6952,29140
6953,55282
6954,19466
6955,56636
6956,75283
6957,8498
6958,86442
6959,91128
6960,81166
6961,59250
6962,77971
6963,68471
6964,76397
6965,54785
6966,25656
6967,6928
6968,57034
6969,55660
6970,68369
6971,27943
6972,149917
6973,55603
6974,85662
6975,103948
6976,59245
6977,102273
6978,54793
6979,54999
6980,55599
6981,152122
6982,111984
6983,55771
6984,97026
6985,65820
6986,217861
6987,30229
6988,75056
6989,55173
6990,96167
6991,27436
6992,83931
6993,55761
6994,55080
6995,206807
6996,51448
6997,50073
6998,55717
6999,145966
7000,74598
7001,55892
7002,77501
7003,103062
7004,65445
7005,23719
7006,81062
7007,81671
7008,63734
7009,63733
7010,61617
7011,61616
7012,77550
7013,101606
7014,54908
7015,76887
7016,87766
7017,59227
7018,74849
7019,99752
7020,120904
7021,56660
7022,68769
7023,72420
7024,105028
7025,59138
7026,68490
7027,74493
7028,138520
7029,36506
7030,75173
7031,193633
7032,81138
7033,57263
7034,170946
7035,65795
7036,63718
7037,44102
7038,74378
7039,63715
7040,206672
7041,67904
7042,67912
7043,195846
7044,76736
7045,68287
7046,126483
7047,68596
7048,62
7049,17480
7050,81068
7051,74602
7052,106122
7053,77439
7054,59079
7055,72447
7056,76829
7057,55106
7058,75608
7059,68506
7060,79101
7061,86576
7062,72372
7063,68581
7064,116998
7065,81124
7066,68582
7067,69455
7068,26878
7069,254397
7070,68673
7071,57084
7072,81128
7073,109639
7074,83969
7075,72492
7076,265928
7077,90144
7078,77769
7079,75178
7080,59587
7081,60212
7082,99300
7083,74368
7084,74584
7085,321716
7086,72590
7087,77775
7088,75602
7089,120206
7090,119522
7091,83339
7092,87935
7093,75520
7094,89322
7095,96487
7096,76878
7097,74956
7098,74452
7099,74290
7100,74618
7101,171698
7102,38324
7103,51548
7104,135963
7105,118993
7106,58409
7107,26546
7108,82312
7109,74595
7110,26196
7111,74673
7112,105193
7113,75263
7114,75184
7115,75096
7116,124024
7117,84130
7118,77157
7119,74563
7120,75813
7121,83974
7122,292922
7123,82722
7124,79136
7125,76538
7126,74639
7127,86255
7128,74633
7129,103249
7130,86430
7131,57963
7132,209470
7133,46989
7134,254042
7135,101439
7136,89326
7137,82116
7138,103286
7139,75616
7140,229459
7141,81111
7142,75809
7143,76484
7144,80879
7145,76031
7146,76540
7147,75195
7148,75387
7149,76354
7150,75333
7151,27069
7152,75944
7153,117748
7154,86346
7155,135980
7156,77569
7157,76723
7158,75639
7159,69549
7160,89554
7161,54984
7162,27499
7163,132997
7164,248925
7165,96254
7166,41497
7167,54678
7168,105492
7169,75208
7170,75322
7171,75317
7172,90284
7173,75797
7174,75385
7175,76033
7176,75798
7177,75799
7178,24107
7179,193679
7180,87673
7181,95587
7182,75496
7183,100367
7184,251110
7185,76428
7186,115729
7187,13558
7188,115336
7189,75788
7190,81013
7191,79141
7192,95386
7193,86445
7194,87937
7195,75643
7196,86496
7197,99123
7198,102871
7199,75900
7200,24974
7201,25580
7202,76023
7203,76110
7204,81008
7205,81009
7206,275158
7207,76816
7208,87965
7209,75904
7210,76019
7211,20651
7212,76742
7213,95308
7214,80985
7215,80978
7216,36814
7217,83203
7218,90027
7219,70396
7220,76379
7221,76930
7222,185606
7223,61910
7224,96707
7225,76408
7226,96391
7227,122955
7228,98964
7229,76499
7230,56026
7231,76670
7232,76501
7233,76520
7234,89560
7235,86519
7236,101231
7237,174626
7238,76802
7239,80895
7240,76662
7241,79999
7242,5845
7243,78536
7244,19698
7245,56564
7246,55877
7247,281874
7248,95832
7249,81702
7250,44838
7251,112973
7252,138756
7253,82295
7254,76891
7255,86314
7256,81256
7257,86514
7258,168074
7259,83998
7260,81812
7261,83612
7262,81814
7263,88006
7264,240471
7265,81847
7266,90151
7267,81893
7268,81906
7269,102208
7270,89377
7271,125643
7272,78538
7273,90250
7274,27509
7275,84003
7276,96213
7277,36610
7278,57787
7279,81350
7280,111033
7281,96090
7282,81626
7283,81954
7284,81958
7285,81962
7286,81968
7287,115269
7288,83666
7289,83589
7290,81634
7291,107385
7292,174413
7293,11318
7294,81869
7295,96233
7296,83811
7297,84009
7298,82347
7299,68281
7300,87556
7301,37026
7302,87975
7303,104564
7304,81352
7305,289125
7306,83497
7307,84023
7308,117215
7309,8364
7310,83495
7311,46076
7312,103065
7313,83546
7314,84486
7315,78059
7316,90253
7317,104975
7318,86323
7319,86328
7320,104565
7321,110857
7322,83486
7323,96514
7324,80151
7325,87338
7326,89338
7327,142604
7328,83800
7329,86639
7330,15572
7331,97901
7332,298912
7333,105058
7334,86337
7335,103313
7336,86295
7337,88250
7338,86299
7339,83847
7340,101245
7341,142595
7342,86468
7343,94615
7344,88179
7345,22778
7346,81146
7347,178297
7348,99301
7349,163475
7350,89649
7351,97014
7352,96212
7353,141801
7354,111054
7355,95172
7356,86571
7357,86575
7358,86574
7359,86558
7360,88043
7361,88044
7362,86770
7363,41819
7364,86542
7365,89974
7366,109617
7367,11778
7368,11781
7369,26768
7370,104569
7371,102134
7372,89656
7373,171274
7374,95175
7375,105271
7376,93691
7377,87954
7378,104004
7379,89968
7380,99538
7381,154
7382,59737
7383,99124
7384,286284
7385,89973
7386,75865
7387,96239
7388,89428
7389,108656
7390,103054
7391,114048
7392,95183
7393,89354
7394,100338
7395,103224
7396,76882
7397,71030
7398,89955
7399,103598
7400,101461
7401,90169
7402,89977
7403,78143
7404,154595
7405,41496
7406,91160
7407,102805
7408,93727
7409,67203
7410,94876
7411,28245
7412,93744
7413,86478
7414,102879
7415,97221
7416,95213
7417,106892
7418,55196
7419,96654
7420,27723
7421,60763
7422,99604
7423,51471
7424,103222
7425,99606
7426,19088
7427,95223
7428,126032
7429,95627
7430,105011
7431,11394
7432,21972
7433,95267
7434,82844
7435,96116
7436,96275
7437,96435
7438,102321
7439,107712
7440,112638
7441,96632
7442,93746
7443,115688
7444,97012
7445,100418
7446,96420
7447,156175
7448,12595
7449,104937
7450,324945
7451,266432
7452,69482
7453,99039
7454,100156
7455,19864
7456,101176
7457,103416
7458,103616
7459,155431
7460,105015
7461,105443
7462,96946
7463,106137
7464,11842
7465,115549
7466,103218
7467,107306
7468,100422
7469,87499
7470,71800
7471,187996
7472,106533
7473,96648
7474,143974
7475,99071
7476,102326
7477,104186
7478,102325
7479,100572
7480,24462
7481,98898
7482,154839
7483,97040
7484,104863
7485,37024
7486,3247
7487,125433
7488,109458
7489,102484
7490,97243
7491,97230
7492,181537
7493,101317
7494,105447
7495,94970
7496,68279
7497,103608
7498,99060
7499,105446
7500,100354
7501,102119
7502,111695
7503,92784
7504,102339
7505,106390
7506,104522
7507,10039
7508,100583
7509,100537
7510,102437
7511,101342
7512,56109
7513,106114
7514,100543
7515,102163
7516,83394
7517,104865
7518,102167
7519,22793
7520,105292
7521,102360
7522,94969
7523,96200
7524,101633
7525,101635
7526,103210
7527,103232
7528,107854
7529,125477
7530,102389
7531,105001
7532,102938
7533,102404
7534,110446
7535,102937
7536,104873
7537,75855
7538,3966
7539,112685
7540,102970
7541,59833
7542,41828
7543,172449
7544,265919
7545,53079
7546,104080
7547,107878
7548,103630
7549,104880
7550,41621
7551,107242
7552,103189
7553,103191
7554,103192
7555,103009
7556,105200
7557,57366
7558,103775
7559,113857
7560,104164
7561,104282
7562,83749
7563,103789
7564,210216
7565,104945
7566,105315
7567,107887
7568,107022
7569,105099
7570,301238
7571,105599
7572,112878
7573,105322
7574,112674
7575,104815
7576,103456
7577,154459
7578,107906
7579,106400
7580,104899
7581,110910
7582,104903
7583,104905
7584,880
7585,103484
7586,109456
7587,111081
7588,104911
7589,136794
7590,107908
7591,77588
7592,104977
7593,106401
7594,106614
7595,24128
7596,104936
7597,105342
7598,96698
7599,53656
7600,75990
7601,105350
7602,105356
7603,109301
7604,111583
7605,114043
7606,105579
7607,106616
7608,106615
7609,113818
7610,105237
7611,113905
7612,107922
7613,105738
7614,107407
7615,106496
7616,107737
7617,111513
7618,99120
7619,97690
7620,105847
7621,107237
7622,107185
7623,105629
7624,28010
7625,106416
7626,106415
7627,107414
7628,136335
7629,217525
7630,104983
7631,107418
7632,1102
7633,106623
7634,107679
7635,109129
7636,100667
7637,106986
7638,107423
7639,109434
7640,109532
7641,37939
7642,111701
7643,107111
7644,110817
7645,108349
7646,107768
7647,110775
7648,111507
7649,107693
7650,77558
7651,107801
7652,115670
7653,109323
7654,26658
7655,107803
7656,108391
7657,110756
7658,107253
7659,107699
7660,107826
7661,109339
7662,108787
7663,76881
7664,136428
7665,109850
7666,107507
7667,86645
7668,111436
7669,107524
7670,110509
7671,114214
7672,109867
7673,111276
7674,109763
7675,105031
7676,109288
7677,110143
7678,116271
7679,110700
7680,109733
7681,325
7682,109901
7683,113111
7684,110119
7685,107178
7686,110298
7687,109148
7688,99289
7689,110694
7690,138600
7691,110678
7692,86452
7693,110185
7694,146280
7695,114493
7696,111073
7697,115520
7698,109117
7699,75992
7700,110468
7701,110467
7702,110943
7703,109074
7704,115500
7705,110737
7706,166053
7707,113389
7708,113407
7709,110950
7710,154957
7711,111486
7712,111718
7713,103380
7714,7523
7715,113175
7716,111404
7717,111117
7718,112074
7719,111252
7720,111248
7721,123603
7722,243890
7723,82732
7724,113061
7725,111355
7726,114455
7727,111387
7728,112385
7729,113386
7730,114367
7731,11393
7732,111677
7733,107300
7734,113280
7735,111992
7736,112703
7737,21760
7738,114278
7739,114814
7740,114443
7741,114392
7742,112770
7743,90011
7744,113686
7745,43513
7746,286392
7747,114063
7748,113239
7749,112983
7750,149610
7751,151640
7752,82818
7753,113082
7754,112926
7755,220933
7756,113343
7757,123689
7758,113609
7759,113724
7760,113677
7761,113643
7762,113750
7763,113649
7764,113331
7765,101370
7766,171392
7767,122953
7768,115330
7769,115591
7770,114821
7771,136427
7772,114440
7773,113690
7774,114232
7775,115374
7776,114236
7777,115216
7778,114852
7779,115285
7780,114910
7781,114957
7782,115594
7783,114804
7784,115693
7785,176009
7786,114998
7787,116207
7788,199783
7789,115819
7790,212040
7791,116732
